,rai,rai,rai,rtd,te,bpq,cms,sd,player_role
,mean,std,count,mean,mean,mean,mean,mean,first
nfl_id,,,,,,,,,
30842,0.4793,0.0604,3,2.6667,0.894,0.7249,0.5,0.0,Targeted Receiver
33131,0.7449,0.2924,3,2.6667,0.9879,0.5,0.7399,0.0,Defensive Coverage
35452,-0.1298,0.3515,2,4.0,0.999,0.5,0.2182,0.0,Defensive Coverage
35459,0.4858,0.6021,51,2.5686,0.9016,0.5,0.6693,0.0,Defensive Coverage
35470,0.5624,0.7133,2,2.0,0.9907,0.5,0.546,0.0,Defensive Coverage
35534,0.4332,0.1359,7,2.5714,0.9958,0.6147,0.5,0.0,Targeted Receiver
37075,0.8096,0.1786,3,3.3333,0.9734,0.5,0.8663,0.0,Defensive Coverage
37078,0.4327,0.5296,143,2.6713,0.9455,0.5,0.5779,0.0,Defensive Coverage
37079,0.5681,0.2294,12,2.1667,0.9581,0.6919,0.5,0.0,Targeted Receiver
37097,0.3371,0.6926,4,3.0,0.8599,0.5,0.6612,0.0,Defensive Coverage
37139,0.5534,0.2512,16,2.125,0.9693,0.6747,0.5,0.0,Targeted Receiver
37145,0.5505,0.5796,2,2.0,0.9821,0.5,0.5497,0.0,Defensive Coverage
37792,0.4954,0.2707,2,2.5,0.9302,0.5,0.6291,0.0,Defensive Coverage
38540,0.5369,0.425,144,2.6736,0.9619,0.5,0.629,0.0,Defensive Coverage
38545,0.6088,0.2547,2,2.5,0.947,0.5,0.6862,0.0,Defensive Coverage
38548,0.5317,0.4165,4,2.5,0.9349,0.5,0.6484,0.0,Defensive Coverage
38559,0.568,0.4179,116,2.5259,0.9395,0.5,0.6701,0.0,Defensive Coverage
38577,0.5588,0.4912,136,2.9191,0.9509,0.5,0.6823,0.0,Defensive Coverage
38588,0.5892,0.5155,158,2.7089,0.9537,0.5,0.6812,0.0,Defensive Coverage
38607,0.4521,0.5108,127,3.1654,0.9595,0.5,0.6158,0.0,Defensive Coverage
38696,0.6074,0.2177,8,2.0,0.9798,0.6847,0.5,0.0,Targeted Receiver
38707,0.3986,0.4803,23,2.1739,0.9396,0.5,0.5174,0.0,Defensive Coverage
38843,0.6109,0.4464,19,2.5263,0.9697,0.5,0.6575,0.0,Defensive Coverage
38868,0.5215,0.4623,97,2.7835,0.958,0.5,0.6334,0.0,Defensive Coverage
39908,0.0457,,1,2.0,0.8966,0.5,0.3113,0.0,Defensive Coverage
39973,0.4839,0.1779,115,2.2435,0.9827,0.6372,0.5,0.0,Targeted Receiver
39975,0.4422,0.2454,4,2.5,0.9753,0.6339,0.5,0.0,Targeted Receiver
39983,0.5736,0.1872,36,2.1667,0.9848,0.6714,0.5,0.0,Targeted Receiver
39984,0.4746,0.5014,133,2.6617,0.9509,0.5,0.5991,0.0,Defensive Coverage
39989,0.5282,0.1606,60,2.1333,0.9725,0.6613,0.5,0.0,Targeted Receiver
40011,0.5344,0.2816,98,2.1837,0.9576,0.6784,0.5,0.0,Targeted Receiver
40017,0.5549,0.4372,151,2.7285,0.9561,0.5,0.6551,0.0,Defensive Coverage
40024,0.5406,0.2182,129,2.2868,0.9754,0.6691,0.5,0.0,Targeted Receiver
40026,0.5121,0.276,11,2.0,0.979,0.6447,0.5,0.0,Targeted Receiver
40031,0.5608,0.4895,13,2.2308,0.9539,0.5,0.618,0.0,Defensive Coverage
40039,0.3777,0.4696,20,2.8,0.9379,0.5,0.5609,0.0,Defensive Coverage
40078,0.5016,0.1463,15,2.2667,0.9839,0.6445,0.5,0.0,Targeted Receiver
40107,0.5726,0.4548,92,2.4565,0.9496,0.5,0.6527,0.0,Defensive Coverage
40129,0.4591,0.1288,20,2.45,0.9766,0.6384,0.5,0.0,Targeted Receiver
40166,0.5675,0.4739,94,2.5319,0.926,0.5,0.6895,0.0,Defensive Coverage
40488,0.5231,0.2388,123,2.3415,0.9772,0.6618,0.5,0.0,Targeted Receiver
41227,0.5047,0.8742,5,3.0,0.8645,0.5,0.7743,0.0,Defensive Coverage
41231,0.7603,0.2574,8,3.0,0.9858,0.5,0.7836,0.0,Defensive Coverage
41233,0.5295,0.1973,120,2.175,0.9765,0.6598,0.5,0.0,Targeted Receiver
41235,0.7301,0.4875,3,2.0,0.9685,0.5,0.6974,0.0,Defensive Coverage
41238,0.4532,0.1688,55,2.5091,0.9567,0.6549,0.5,0.0,Targeted Receiver
41243,0.6677,0.4756,121,3.0909,0.967,0.5,0.7525,0.0,Defensive Coverage
41246,0.4954,0.2193,71,2.2676,0.9434,0.6766,0.5,0.0,Targeted Receiver
41251,-0.3943,,1,2.0,0.5596,0.5,0.4784,0.0,Defensive Coverage
41256,0.6706,0.3585,66,2.8485,0.9656,0.5,0.7348,0.0,Defensive Coverage
41257,0.5359,0.5168,51,2.5686,0.9614,0.5,0.6197,0.0,Defensive Coverage
41269,0.3259,0.3883,5,3.2,0.9607,0.5,0.527,0.0,Defensive Coverage
41282,0.5651,0.2368,155,2.4258,0.9698,0.6889,0.5,0.0,Targeted Receiver
41290,0.5747,0.3238,40,2.225,0.97,0.6864,0.5,0.0,Targeted Receiver
41325,0.4656,0.1285,22,2.3636,0.9913,0.6258,0.5,0.0,Targeted Receiver
41349,0.5779,0.2905,70,2.5143,0.9791,0.6892,0.5,0.0,Targeted Receiver
41464,0.7661,,1,2.0,0.9917,0.5,0.6901,0.0,Defensive Coverage
41500,0.8038,0.4072,3,2.0,0.9736,0.7743,0.5,0.0,Targeted Receiver
41712,0.4498,0.0338,2,2.0,0.9999,0.6,0.5,0.0,Targeted Receiver
41808,0.3863,0.0634,2,2.0,0.9958,0.5764,0.5,0.0,Targeted Receiver
41915,0.7238,0.4232,19,2.5263,0.9611,0.5,0.7505,0.0,Defensive Coverage
42031,0.583,0.4603,4,3.0,0.9984,0.5,0.6389,0.0,Defensive Coverage
42094,0.3977,0.6925,2,2.0,0.9733,0.5,0.4532,0.0,Defensive Coverage
42116,0.7044,0.408,17,2.5294,0.95,0.5,0.7528,0.0,Defensive Coverage
42302,0.3657,0.0957,3,2.6667,0.9994,0.5858,0.5,0.0,Targeted Receiver
42346,0.9605,,1,2.0,0.9739,0.5,0.8544,0.0,Defensive Coverage
42347,0.502,0.2385,112,2.2143,0.9605,0.663,0.5,0.0,Targeted Receiver
42357,0.4746,0.2358,48,2.2708,0.9584,0.6549,0.5,0.0,Targeted Receiver
42358,0.4191,0.0903,3,2.6667,0.9938,0.6136,0.5,0.0,Targeted Receiver
42361,0.5627,0.4246,91,2.6374,0.9534,0.5,0.6563,0.0,Defensive Coverage
42363,0.486,0.2226,37,2.4324,0.9878,0.6398,0.5,0.0,Targeted Receiver
42365,0.6908,0.2096,3,3.3333,0.9667,0.5,0.791,0.0,Defensive Coverage
42368,0.937,0.0583,4,2.0,0.9919,0.5,0.8118,0.0,Defensive Coverage
42372,0.1877,0.4011,3,2.3333,0.8732,0.607,0.5,0.0,Targeted Receiver
42377,0.5347,,1,4.0,0.9975,0.7028,0.5,0.0,Targeted Receiver
42381,0.8702,0.2302,14,2.8571,0.9785,0.5,0.8597,0.0,Defensive Coverage
42388,0.5811,0.4083,113,2.6549,0.9695,0.5,0.6481,0.0,Defensive Coverage
42390,0.7218,0.5353,31,2.3548,0.9307,0.5,0.7772,0.0,Defensive Coverage
42391,0.7669,0.3932,69,2.3913,0.9697,0.5,0.7569,0.0,Defensive Coverage
42393,0.4096,0.4755,72,2.7083,0.9339,0.5,0.5812,0.0,Defensive Coverage
42397,0.5661,0.2331,18,2.6667,0.9853,0.6838,0.5,0.0,Targeted Receiver
42401,0.7756,,1,2.0,0.9808,0.5,0.7123,0.0,Defensive Coverage
42403,0.9734,0.1317,2,3.0,0.988,0.5,0.9327,0.0,Defensive Coverage
42406,0.9244,0.1937,2,2.0,0.9818,0.5,0.8173,0.0,Defensive Coverage
42412,0.5343,0.2662,101,2.2178,0.9395,0.695,0.5,0.0,Targeted Receiver
42419,0.6275,0.438,4,2.0,0.9686,0.703,0.5,0.0,Targeted Receiver
42427,0.5882,0.4581,78,2.7564,0.9471,0.5,0.6942,0.0,Defensive Coverage
42431,0.8117,0.0812,3,2.0,0.9917,0.5,0.7227,0.0,Defensive Coverage
42437,0.4953,0.4816,9,2.1111,0.9328,0.6806,0.5,0.0,Targeted Receiver
42441,0.4628,0.4503,115,2.8261,0.9572,0.5,0.5964,0.0,Defensive Coverage
42448,0.5182,0.15,14,2.1429,0.9671,0.662,0.5,0.0,Targeted Receiver
42460,0.6741,0.3387,9,2.2222,0.9769,0.7229,0.5,0.0,Targeted Receiver
42465,0.5441,0.3056,2,3.0,0.9753,0.5,0.6441,0.0,Defensive Coverage
42467,0.4862,0.5025,52,3.0385,0.9654,0.5,0.6205,0.0,Defensive Coverage
42480,0.3806,0.6284,2,2.0,0.8783,0.5,0.5766,0.0,Defensive Coverage
42485,0.5694,0.3713,37,2.4054,0.9489,0.5,0.6469,0.0,Defensive Coverage
42486,0.3754,0.0787,10,3.2,0.998,0.6083,0.5,0.0,Targeted Receiver
42488,1.0332,0.0401,2,2.0,0.9796,0.5,0.8981,0.0,Defensive Coverage
42489,0.5598,0.2734,127,2.252,0.9627,0.6871,0.5,0.0,Targeted Receiver
42500,0.442,0.1384,11,2.0,0.9706,0.6218,0.5,0.0,Targeted Receiver
42511,0.5991,0.3995,3,2.0,0.9985,0.6651,0.5,0.0,Targeted Receiver
42512,0.6396,0.4525,42,2.8571,0.9397,0.5,0.7506,0.0,Defensive Coverage
42543,0.5755,0.4406,107,2.514,0.9492,0.5,0.6605,0.0,Defensive Coverage
42547,0.5064,0.1985,69,2.2754,0.9892,0.6423,0.5,0.0,Targeted Receiver
42560,0.7852,,1,4.0,0.9966,0.5,0.8752,0.0,Defensive Coverage
42589,0.6047,0.2078,10,2.4,0.9902,0.6876,0.5,0.0,Targeted Receiver
42718,0.4996,0.1417,18,2.0,0.9841,0.6349,0.5,0.0,Targeted Receiver
42794,0.5682,0.3423,2,3.0,0.8812,0.7847,0.5,0.0,Targeted Receiver
42816,0.5249,0.4967,83,2.5663,0.9453,0.5,0.6346,0.0,Defensive Coverage
42899,0.4739,0.0074,2,2.0,0.974,0.6325,0.5,0.0,Targeted Receiver
42901,0.5539,0.3661,32,2.4375,0.9524,0.5,0.6336,0.0,Defensive Coverage
42929,0.6262,0.4428,162,2.9444,0.9618,0.5,0.7172,0.0,Defensive Coverage
43292,0.8433,,1,2.0,0.9913,0.5,0.7457,0.0,Defensive Coverage
43293,0.495,0.2496,34,2.3529,0.981,0.6469,0.5,0.0,Targeted Receiver
43294,0.3889,0.5916,62,2.629,0.9149,0.5,0.5864,0.0,Defensive Coverage
43296,0.4728,,1,2.0,0.9625,0.5,0.5222,0.0,Defensive Coverage
43298,0.4037,0.4052,7,2.2857,0.9518,0.5,0.5136,0.0,Defensive Coverage
43299,0.5696,0.5496,90,2.7444,0.931,0.5,0.7029,0.0,Defensive Coverage
43306,0.5892,0.4436,57,2.8421,0.9458,0.5,0.7045,0.0,Defensive Coverage
43308,0.2894,0.3539,3,2.0,0.9604,0.5,0.3943,0.0,Defensive Coverage
43312,0.5384,0.0729,3,2.0,0.9899,0.6466,0.5,0.0,Targeted Receiver
43314,0.5975,0.5455,35,2.4286,0.9462,0.5,0.6728,0.0,Defensive Coverage
43316,0.6684,0.6253,3,2.6667,0.9911,0.5,0.6807,0.0,Defensive Coverage
43321,0.8874,,1,4.0,0.9981,0.5,0.9461,0.0,Defensive Coverage
43323,0.9245,,1,4.0,0.9994,0.5,0.9708,0.0,Defensive Coverage
43324,0.5283,0.193,57,2.1053,0.967,0.6652,0.5,0.0,Targeted Receiver
43325,0.4442,0.5117,23,3.9565,0.957,0.5,0.6844,0.0,Defensive Coverage
43327,0.5135,0.4473,102,2.6863,0.9601,0.5,0.616,0.0,Defensive Coverage
43329,0.5609,0.2321,17,2.1176,0.9896,0.6602,0.5,0.0,Targeted Receiver
43333,0.6918,0.3231,10,2.6,0.9777,0.5,0.7104,0.0,Defensive Coverage
43334,0.4586,0.2,13,2.0,0.9935,0.6092,0.5,0.0,Targeted Receiver
43335,-0.2493,,1,4.0,0.7925,0.5,0.4279,0.0,Defensive Coverage
43336,0.5408,0.2015,57,2.2105,0.9754,0.6668,0.5,0.0,Targeted Receiver
43341,0.6292,0.4477,43,2.5814,0.9464,0.5,0.7089,0.0,Defensive Coverage
43344,0.5317,0.2216,77,2.3247,0.9702,0.671,0.5,0.0,Targeted Receiver
43350,0.4883,0.4829,70,2.6429,0.9395,0.5,0.6236,0.0,Defensive Coverage
43351,0.4962,0.5133,167,2.7126,0.9399,0.5,0.635,0.0,Defensive Coverage
43352,0.9628,,1,2.0,0.9996,0.5,0.8193,0.0,Defensive Coverage
43353,0.5525,0.4686,120,2.5,0.9335,0.5,0.6652,0.0,Defensive Coverage
43356,0.7998,0.248,3,2.6667,0.9821,0.5,0.7874,0.0,Defensive Coverage
43358,0.25,,1,2.0,0.9261,0.5,0.4151,0.0,Defensive Coverage
43361,-0.1613,1.2945,2,3.5,0.6372,0.5,0.668,0.0,Defensive Coverage
43362,0.6816,,1,2.0,0.9917,0.7064,0.5,0.0,Targeted Receiver
43366,0.6133,0.3175,10,3.5,0.9803,0.5,0.731,0.0,Defensive Coverage
43370,0.4772,0.1313,30,2.2667,0.9948,0.6247,0.5,0.0,Targeted Receiver
43373,0.4554,0.4867,106,2.9245,0.922,0.5,0.6502,0.0,Defensive Coverage
43378,0.6995,,1,2.0,0.9929,0.5,0.6407,0.0,Defensive Coverage
43387,0.5115,0.5058,119,3.0252,0.967,0.5,0.635,0.0,Defensive Coverage
43392,0.8966,,1,2.0,0.9884,0.5,0.788,0.0,Defensive Coverage
43395,0.3401,0.4354,12,2.5,0.9442,0.5,0.4982,0.0,Defensive Coverage
43396,0.4521,0.1584,29,2.2069,0.985,0.6204,0.5,0.0,Targeted Receiver
43399,0.4654,0.1803,59,2.4746,0.9876,0.6324,0.5,0.0,Targeted Receiver
43400,0.6882,0.4163,21,2.5238,0.9462,0.5,0.7462,0.0,Defensive Coverage
43404,0.6104,0.468,60,3.0333,0.9557,0.5,0.7225,0.0,Defensive Coverage
43411,0.8396,,1,4.0,0.989,0.5,0.925,0.0,Defensive Coverage
43413,0.111,0.6458,6,3.0,0.8501,0.5,0.5137,0.0,Defensive Coverage
43415,0.548,0.2066,34,2.1765,0.9713,0.6722,0.5,0.0,Targeted Receiver
43420,0.7127,,1,4.0,0.9968,0.5,0.8232,0.0,Defensive Coverage
43435,0.6575,0.2817,7,2.5714,0.9713,0.5,0.6926,0.0,Defensive Coverage
43454,0.4784,0.1816,133,2.1053,0.9651,0.6455,0.5,0.0,Targeted Receiver
43455,0.3914,0.1487,2,3.0,0.9659,0.5,0.5485,0.0,Defensive Coverage
43474,0.5327,0.4376,57,2.9123,0.9554,0.5,0.6566,0.0,Defensive Coverage
43497,0.7292,0.3857,45,2.6222,0.9854,0.5,0.7281,0.0,Defensive Coverage
43503,0.6302,0.4548,67,2.5821,0.9568,0.5,0.6948,0.0,Defensive Coverage
43507,0.7613,0.0887,3,2.6667,0.951,0.5,0.8042,0.0,Defensive Coverage
43522,0.4592,0.4386,75,2.68,0.9412,0.5,0.6037,0.0,Defensive Coverage
43533,0.5433,0.4691,93,2.7419,0.9711,0.5,0.6265,0.0,Defensive Coverage
43535,0.4026,0.7538,5,3.0,0.8799,0.5,0.6793,0.0,Defensive Coverage
43584,0.5281,0.2623,33,2.0606,0.9808,0.6518,0.5,0.0,Targeted Receiver
43616,0.5096,0.5278,11,2.5455,0.9285,0.5,0.6458,0.0,Defensive Coverage
43641,0.5501,0.4732,115,2.7739,0.9533,0.5,0.6597,0.0,Defensive Coverage
43663,0.5033,0.2999,24,2.4583,0.9273,0.6999,0.5,0.0,Targeted Receiver
43694,1.0015,,1,2.0,0.9799,0.5,0.8751,0.0,Defensive Coverage
43700,0.6317,0.4035,93,2.5914,0.9557,0.5,0.6982,0.0,Defensive Coverage
43775,0.6327,0.2219,4,3.5,0.985,0.5,0.7383,0.0,Defensive Coverage
43787,0.7481,,1,2.0,0.9908,0.5,0.6784,0.0,Defensive Coverage
43808,0.4431,0.0703,6,2.3333,0.9966,0.6107,0.5,0.0,Targeted Receiver
43971,0.4328,0.2373,8,3.125,0.9961,0.6321,0.5,0.0,Targeted Receiver
43986,0.479,0.5203,67,2.5522,0.9483,0.5,0.5963,0.0,Defensive Coverage
44174,0.2051,0.4852,2,3.0,0.9933,0.5,0.3764,0.0,Defensive Coverage
44792,0.53,0.2344,19,2.3158,0.9902,0.6529,0.5,0.0,Targeted Receiver
44813,0.9148,0.1433,5,2.8,0.9957,0.5,0.8619,0.0,Defensive Coverage
44815,0.6776,,1,4.0,0.9969,0.5,0.7979,0.0,Defensive Coverage
44818,0.3135,0.5888,70,3.1714,0.9558,0.5,0.5226,0.0,Defensive Coverage
44819,0.5414,0.4867,17,2.2353,0.9329,0.7042,0.5,0.0,Targeted Receiver
44820,0.5808,0.2351,58,2.1724,0.9908,0.6695,0.5,0.0,Targeted Receiver
44823,0.4291,0.5374,79,2.519,0.9293,0.5,0.5847,0.0,Defensive Coverage
44825,0.6684,0.3467,9,2.2222,0.9775,0.5,0.6603,0.0,Defensive Coverage
44826,0.8696,,1,4.0,0.9973,0.5,0.9345,0.0,Defensive Coverage
44827,0.5394,0.4332,66,2.5303,0.9521,0.5,0.632,0.0,Defensive Coverage
44828,0.4983,0.4965,77,2.4675,0.9412,0.5,0.6126,0.0,Defensive Coverage
44830,0.5534,0.4774,121,2.7025,0.9583,0.5,0.6486,0.0,Defensive Coverage
44834,0.8164,0.2221,4,3.5,0.9957,0.5,0.8542,0.0,Defensive Coverage
44835,0.5978,0.291,115,2.2609,0.9648,0.7019,0.5,0.0,Targeted Receiver
44837,0.529,0.457,86,2.7907,0.9532,0.5,0.6463,0.0,Defensive Coverage
44839,0.4528,0.5574,29,2.6897,0.9417,0.5,0.5992,0.0,Defensive Coverage
44841,0.5146,0.2383,98,2.3878,0.9897,0.649,0.5,0.0,Targeted Receiver
44842,0.5737,0.4701,22,2.6364,0.9461,0.5,0.6746,0.0,Defensive Coverage
44848,0.5434,0.5154,64,3.125,0.9375,0.5,0.7088,0.0,Defensive Coverage
44849,0.5417,0.2359,55,2.3091,0.9667,0.6778,0.5,0.0,Targeted Receiver
44851,0.5067,0.5813,44,2.9773,0.9552,0.5,0.6441,0.0,Defensive Coverage
44852,0.5497,0.3121,69,2.2899,0.9399,0.7036,0.5,0.0,Targeted Receiver
44853,0.5045,0.1216,11,2.0,0.994,0.6285,0.5,0.0,Targeted Receiver
44854,0.5463,0.5554,85,2.5412,0.9241,0.5,0.6779,0.0,Defensive Coverage
44855,0.7758,0.5262,3,2.0,0.9911,0.5,0.6977,0.0,Defensive Coverage
44856,0.5099,0.2429,57,2.3333,0.9663,0.6653,0.5,0.0,Targeted Receiver
44860,0.5597,0.2483,39,2.2051,0.9829,0.6683,0.5,0.0,Targeted Receiver
44862,0.4892,0.4753,42,2.9524,0.9727,0.5,0.6045,0.0,Defensive Coverage
44865,0.9395,0.1894,2,2.0,0.9952,0.5,0.8089,0.0,Defensive Coverage
44867,0.4602,,1,4.0,0.9877,0.5,0.6558,0.0,Defensive Coverage
44869,0.6011,0.424,116,2.6121,0.962,0.5,0.6692,0.0,Defensive Coverage
44871,0.2735,0.6392,3,6.0,0.9381,0.5,0.7718,0.0,Defensive Coverage
44872,0.4958,0.4526,96,2.7083,0.9533,0.5,0.6151,0.0,Defensive Coverage
44874,0.4987,0.3205,38,2.3158,0.9386,0.6837,0.5,0.0,Targeted Receiver
44878,0.4873,0.4453,152,2.8421,0.9556,0.5,0.6176,0.0,Defensive Coverage
44879,0.5649,0.1877,64,2.1094,0.9878,0.6632,0.5,0.0,Targeted Receiver
44880,0.2518,0.5876,2,4.0,0.9958,0.5,0.4954,0.0,Defensive Coverage
44881,0.5239,0.1472,86,2.093,0.9879,0.645,0.5,0.0,Targeted Receiver
44887,0.4652,0.5085,33,3.1515,0.9674,0.5,0.6125,0.0,Defensive Coverage
44888,0.5506,0.4307,143,2.7692,0.9574,0.5,0.6537,0.0,Defensive Coverage
44893,0.3936,0.505,119,2.6387,0.9429,0.5,0.5507,0.0,Defensive Coverage
44896,0.5049,0.1321,104,2.25,0.9822,0.6468,0.5,0.0,Targeted Receiver
44898,0.5794,0.2277,12,2.0,0.9921,0.6623,0.5,0.0,Targeted Receiver
44901,0.4288,0.1499,10,2.0,0.9972,0.5933,0.5,0.0,Targeted Receiver
44902,0.4233,0.4663,76,2.3684,0.9436,0.5,0.5467,0.0,Defensive Coverage
44903,0.6604,0.4517,75,2.6267,0.9399,0.5,0.7444,0.0,Defensive Coverage
44904,0.4763,0.5516,114,2.8947,0.9542,0.5,0.6165,0.0,Defensive Coverage
44906,0.4497,0.4862,165,2.6667,0.947,0.5,0.5874,0.0,Defensive Coverage
44911,0.4673,0.5076,121,2.3719,0.9239,0.5,0.6067,0.0,Defensive Coverage
44912,0.4818,0.1664,55,2.3273,0.9872,0.6351,0.5,0.0,Targeted Receiver
44915,0.7211,0.3612,9,2.4444,0.9724,0.5,0.7251,0.0,Defensive Coverage
44917,0.4886,0.1726,23,2.2609,0.9967,0.6278,0.5,0.0,Targeted Receiver
44925,0.6552,0.4672,71,2.8873,0.9491,0.5,0.7509,0.0,Defensive Coverage
44926,0.5749,0.4538,140,2.6214,0.9476,0.5,0.672,0.0,Defensive Coverage
44927,0.5184,0.1705,44,2.2273,0.9958,0.6402,0.5,0.0,Targeted Receiver
44930,0.5112,0.1639,55,2.1818,0.9615,0.665,0.5,0.0,Targeted Receiver
44931,0.5541,0.1845,27,2.2222,0.9805,0.6685,0.5,0.0,Targeted Receiver
44937,0.4777,0.5653,15,2.5333,0.9437,0.5,0.6003,0.0,Defensive Coverage
44947,0.4754,0.0894,14,2.2857,0.9965,0.623,0.5,0.0,Targeted Receiver
44957,0.6937,,1,2.0,0.9938,0.5,0.6353,0.0,Defensive Coverage
44959,0.495,0.1286,85,2.3412,0.9864,0.6419,0.5,0.0,Targeted Receiver
44962,0.658,0.4378,92,2.3913,0.951,0.5,0.7059,0.0,Defensive Coverage
44964,0.6173,0.4436,35,2.5143,0.953,0.5,0.685,0.0,Defensive Coverage
44974,0.5641,0.469,43,2.9535,0.93,0.5,0.719,0.0,Defensive Coverage
44976,0.526,0.49,33,2.8485,0.9385,0.5,0.6704,0.0,Defensive Coverage
44978,0.4817,0.159,17,2.2353,0.9407,0.6719,0.5,0.0,Targeted Receiver
44985,0.4383,0.1794,7,2.5714,0.9922,0.6201,0.5,0.0,Targeted Receiver
44987,0.4997,0.0899,3,2.6667,0.9944,0.6476,0.5,0.0,Targeted Receiver
44990,0.6032,,1,3.0,0.7944,0.874,0.5,0.0,Targeted Receiver
44995,0.4498,0.0966,23,2.3478,0.9891,0.6204,0.5,0.0,Targeted Receiver
45004,0.7217,0.4041,82,2.561,0.9679,0.5,0.7423,0.0,Defensive Coverage
45005,0.5518,,1,2.0,0.9884,0.6536,0.5,0.0,Targeted Receiver
45018,0.2741,0.8299,2,4.0,0.9927,0.5,0.5157,0.0,Defensive Coverage
45021,0.5957,0.4564,59,2.6102,0.9401,0.5,0.6966,0.0,Defensive Coverage
45038,0.8948,0.2126,5,2.0,0.9783,0.5,0.8011,0.0,Defensive Coverage
45039,0.4572,0.1568,5,2.0,0.9867,0.6145,0.5,0.0,Targeted Receiver
45052,0.5493,0.1906,45,2.0444,0.9677,0.6717,0.5,0.0,Targeted Receiver
45094,0.528,0.2792,21,2.4286,0.9577,0.6835,0.5,0.0,Targeted Receiver
45102,0.5192,0.2097,12,2.3333,0.9789,0.6584,0.5,0.0,Targeted Receiver
45185,0.5624,0.3504,48,2.2083,0.9344,0.7111,0.5,0.0,Targeted Receiver
45186,0.5173,0.1319,15,2.2667,0.9944,0.6422,0.5,0.0,Targeted Receiver
45215,0.5947,0.5375,21,2.4286,0.9345,0.5,0.6876,0.0,Defensive Coverage
45244,0.528,0.242,35,2.4286,0.9864,0.6589,0.5,0.0,Targeted Receiver
45268,0.4798,0.2771,5,2.8,0.9913,0.646,0.5,0.0,Targeted Receiver
45274,0.297,,1,7.0,0.9944,0.5,0.7975,0.0,Defensive Coverage
45287,0.5855,0.4799,140,2.8,0.955,0.5,0.6849,0.0,Defensive Coverage
45339,0.5047,0.2352,14,3.3571,0.9886,0.6768,0.5,0.0,Targeted Receiver
45345,0.6103,0.4985,119,2.7647,0.9422,0.5,0.7177,0.0,Defensive Coverage
45395,0.5025,0.4451,83,2.6506,0.9345,0.5,0.6415,0.0,Defensive Coverage
45571,0.5124,0.4735,139,2.6906,0.9622,0.5,0.6126,0.0,Defensive Coverage
45573,0.5071,0.1753,49,2.3061,0.9905,0.6424,0.5,0.0,Targeted Receiver
45590,0.0213,0.5854,5,3.2,0.9328,0.5,0.3493,0.0,Defensive Coverage
45635,0.5912,0.2854,15,2.3333,0.9781,0.69,0.5,0.0,Targeted Receiver
45719,0.7433,0.3155,6,2.0,0.9858,0.7379,0.5,0.0,Targeted Receiver
45721,0.4319,,1,2.0,0.9992,0.593,0.5,0.0,Targeted Receiver
45900,0.4761,0.0859,10,2.4,0.9933,0.6297,0.5,0.0,Targeted Receiver
46071,0.5012,0.1826,43,2.2791,0.9931,0.6369,0.5,0.0,Targeted Receiver
46073,0.5787,0.4115,79,2.2785,0.9436,0.5,0.6497,0.0,Defensive Coverage
46074,0.6736,0.3697,11,2.5455,0.967,0.5,0.708,0.0,Defensive Coverage
46077,0.713,0.3648,158,2.6456,0.9613,0.5,0.7531,0.0,Defensive Coverage
46080,0.561,0.4624,75,2.7867,0.962,0.5,0.6562,0.0,Defensive Coverage
46081,1.0632,,1,2.0,0.9948,0.5,0.8977,0.0,Defensive Coverage
46083,0.6208,,1,2.0,0.9813,0.5,0.6011,0.0,Defensive Coverage
46085,0.6604,0.4635,138,2.7029,0.9491,0.5,0.7381,0.0,Defensive Coverage
46086,0.4965,0.6039,133,3.0075,0.9504,0.5,0.6464,0.0,Defensive Coverage
46087,0.5053,0.5271,58,2.5862,0.9381,0.5,0.6326,0.0,Defensive Coverage
46088,0.4398,0.6898,26,4.0,0.9307,0.5,0.7226,0.0,Defensive Coverage
46091,0.1785,0.4285,3,4.6667,0.9948,0.5,0.504,0.0,Defensive Coverage
46093,0.4925,0.3177,106,2.3491,0.9543,0.6686,0.5,0.0,Targeted Receiver
46094,0.5934,0.2394,29,2.069,0.9868,0.675,0.5,0.0,Targeted Receiver
46095,0.5397,0.1922,113,2.1416,0.9429,0.6919,0.5,0.0,Targeted Receiver
46096,0.447,,1,2.0,0.996,0.6021,0.5,0.0,Targeted Receiver
46097,0.5538,0.5,65,2.4769,0.9314,0.5,0.6671,0.0,Defensive Coverage
46098,0.4075,,1,7.0,0.9929,0.5,0.8786,0.0,Defensive Coverage
46099,0.4318,0.4923,45,2.6667,0.9525,0.5,0.5668,0.0,Defensive Coverage
46104,0.4837,0.0293,2,2.0,0.9991,0.6152,0.5,0.0,Targeted Receiver
46105,0.5636,0.4397,61,3.1803,0.9684,0.5,0.684,0.0,Defensive Coverage
46109,0.4662,0.2157,83,2.4096,0.9677,0.6478,0.5,0.0,Targeted Receiver
46110,0.6396,0.4383,32,2.5938,0.946,0.5,0.718,0.0,Defensive Coverage
46111,0.5513,0.195,40,2.05,0.9782,0.6637,0.5,0.0,Targeted Receiver
46116,0.513,0.2055,69,2.1739,0.9855,0.645,0.5,0.0,Targeted Receiver
46117,0.892,0.2399,4,2.75,0.9646,0.5,0.8857,0.0,Defensive Coverage
46118,0.5122,0.152,62,2.0645,0.9698,0.6546,0.5,0.0,Targeted Receiver
46122,0.5043,0.9224,21,4.2857,0.9599,0.5,0.7525,0.0,Defensive Coverage
46123,0.7082,0.382,127,2.6299,0.9548,0.5,0.7576,0.0,Defensive Coverage
46124,0.4293,0.6354,101,2.7129,0.91,0.5,0.6298,0.0,Defensive Coverage
46127,0.5175,0.5169,75,2.5867,0.9377,0.5,0.642,0.0,Defensive Coverage
46130,0.5336,0.253,51,2.2745,0.9517,0.6861,0.5,0.0,Targeted Receiver
46132,0.6071,0.3669,115,2.4522,0.9492,0.5,0.6776,0.0,Defensive Coverage
46135,0.4431,0.5066,3,2.0,0.939,0.5,0.5345,0.0,Defensive Coverage
46137,0.562,0.4139,116,2.5086,0.9612,0.5,0.6332,0.0,Defensive Coverage
46138,0.7211,,1,4.0,0.9879,0.5,0.8419,0.0,Defensive Coverage
46139,0.6247,0.4447,120,2.55,0.9494,0.5,0.6986,0.0,Defensive Coverage
46140,0.4805,,1,2.0,0.9993,0.6137,0.5,0.0,Targeted Receiver
46141,0.5076,,1,2.0,0.9917,0.5,0.5055,0.0,Defensive Coverage
46142,0.6046,0.463,85,2.8,0.9623,0.5,0.6881,0.0,Defensive Coverage
46144,0.953,,1,2.0,0.994,0.5,0.8202,0.0,Defensive Coverage
46146,0.5556,0.3663,8,2.875,0.9418,0.5,0.6891,0.0,Defensive Coverage
46148,0.8833,,1,4.0,0.9903,0.5,0.9543,0.0,Defensive Coverage
46150,0.5706,0.2691,50,2.24,0.9368,0.7135,0.5,0.0,Targeted Receiver
46151,0.5354,0.4575,77,2.5325,0.9539,0.5,0.6267,0.0,Defensive Coverage
46153,0.643,0.1901,5,3.2,0.9626,0.5,0.7507,0.0,Defensive Coverage
46155,0.5103,0.2745,54,2.3889,0.963,0.6701,0.5,0.0,Targeted Receiver
46156,0.3741,0.7841,4,2.5,0.8314,0.5,0.6837,0.0,Defensive Coverage
46157,0.6251,0.4473,39,2.5641,0.9522,0.5,0.6961,0.0,Defensive Coverage
46162,0.646,0.5395,27,2.6667,0.9285,0.5,0.754,0.0,Defensive Coverage
46165,0.6409,0.1931,5,2.8,0.9868,0.5,0.679,0.0,Defensive Coverage
46167,0.4717,0.1828,20,2.35,0.967,0.6489,0.5,0.0,Targeted Receiver
46168,0.4696,0.4592,86,2.7674,0.9582,0.5,0.5946,0.0,Defensive Coverage
46170,0.4099,0.1023,8,2.75,0.9939,0.6121,0.5,0.0,Targeted Receiver
46175,0.5742,0.4329,93,2.7204,0.951,0.5,0.6753,0.0,Defensive Coverage
46185,0.952,,1,2.0,0.942,0.5,0.8937,0.0,Defensive Coverage
46186,0.5601,0.4752,97,2.7938,0.9498,0.5,0.6736,0.0,Defensive Coverage
46188,0.6512,0.4495,73,2.6575,0.9583,0.5,0.7143,0.0,Defensive Coverage
46189,0.5191,0.1647,17,2.1176,0.9881,0.6436,0.5,0.0,Targeted Receiver
46190,0.5191,0.5014,134,2.6866,0.9479,0.5,0.6375,0.0,Defensive Coverage
46192,0.5203,0.1986,42,2.2381,0.9878,0.6482,0.5,0.0,Targeted Receiver
46194,0.5974,0.4225,33,2.303,0.9681,0.5,0.6304,0.0,Defensive Coverage
46199,0.1097,0.6366,4,3.5,0.9961,0.5,0.3487,0.0,Defensive Coverage
46203,0.446,0.0786,10,2.8,0.9817,0.6397,0.5,0.0,Targeted Receiver
46205,0.4769,0.4403,2,3.0,0.9984,0.5,0.5632,0.0,Defensive Coverage
46206,0.5582,0.2403,78,2.1538,0.9822,0.6665,0.5,0.0,Targeted Receiver
46209,0.5658,0.1609,2,4.0,0.9676,0.5,0.7599,0.0,Defensive Coverage
46211,0.4357,0.4693,119,2.6891,0.9403,0.5,0.5889,0.0,Defensive Coverage
46212,0.6232,0.4496,95,2.9474,0.9553,0.5,0.7245,0.0,Defensive Coverage
46213,0.4347,0.1646,47,2.2128,0.9468,0.6459,0.5,0.0,Targeted Receiver
46215,0.3732,0.4387,27,2.8519,0.9634,0.5,0.5259,0.0,Defensive Coverage
46223,0.6879,0.4257,6,3.0,0.9318,0.5,0.809,0.0,Defensive Coverage
46226,0.5066,0.1792,75,2.3467,0.9887,0.645,0.5,0.0,Targeted Receiver
46229,0.8754,0.1994,2,2.0,0.9761,0.5,0.7903,0.0,Defensive Coverage
46243,0.5491,0.2885,38,2.3158,0.9548,0.6914,0.5,0.0,Targeted Receiver
46248,0.2737,0.4713,17,3.2353,0.9721,0.5,0.4765,0.0,Defensive Coverage
46256,0.5301,0.1996,10,2.2,0.9746,0.6625,0.5,0.0,Targeted Receiver
46259,0.6265,0.4533,110,2.7273,0.9586,0.5,0.7026,0.0,Defensive Coverage
46264,0.328,,1,4.0,0.999,0.5,0.5452,0.0,Defensive Coverage
46269,0.6096,0.5056,139,2.7986,0.9437,0.5,0.7181,0.0,Defensive Coverage
46270,0.447,0.1458,5,2.4,0.9553,0.6499,0.5,0.0,Targeted Receiver
46276,0.5035,0.2321,6,2.5,0.9316,0.6977,0.5,0.0,Targeted Receiver
46277,0.5174,0.1513,37,2.0541,0.9732,0.6536,0.5,0.0,Targeted Receiver
46279,0.5648,0.2162,30,2.1333,0.9729,0.6767,0.5,0.0,Targeted Receiver
46290,0.6531,0.3528,13,3.1538,0.9781,0.5,0.7318,0.0,Defensive Coverage
46303,0.3803,0.7268,10,2.7,0.9175,0.5,0.583,0.0,Defensive Coverage
46304,0.6527,0.4666,147,2.551,0.957,0.5,0.7078,0.0,Defensive Coverage
46306,0.3622,0.1331,3,3.3333,0.9997,0.6054,0.5,0.0,Targeted Receiver
46309,0.5267,0.2137,13,2.1538,0.9534,0.6777,0.5,0.0,Targeted Receiver
46310,0.5155,0.5944,28,2.3214,0.9138,0.5,0.651,0.0,Defensive Coverage
46329,0.5283,0.4373,37,2.8378,0.9411,0.5,0.6673,0.0,Defensive Coverage
46349,0.8119,0.0671,5,2.4,0.9806,0.5,0.7744,0.0,Defensive Coverage
46377,0.4899,0.1037,14,2.2857,0.9928,0.6324,0.5,0.0,Targeted Receiver
46407,0.3384,0.5196,12,3.8333,0.9833,0.5,0.5602,0.0,Defensive Coverage
46437,0.4859,0.1947,11,2.1818,0.9955,0.6251,0.5,0.0,Targeted Receiver
46446,0.3835,0.0359,3,2.6667,0.9983,0.5944,0.5,0.0,Targeted Receiver
46456,0.4604,0.5129,143,2.7622,0.9467,0.5,0.6041,0.0,Defensive Coverage
46461,0.5977,0.2288,8,2.25,0.9863,0.6831,0.5,0.0,Targeted Receiver
46501,0.6989,0.4405,21,2.5714,0.969,0.5,0.7255,0.0,Defensive Coverage
46522,0.5301,0.2899,20,2.2,0.9226,0.7071,0.5,0.0,Targeted Receiver
46527,0.6766,0.4079,100,2.86,0.9648,0.5,0.7413,0.0,Defensive Coverage
46535,0.6408,0.3807,2,3.0,0.9501,0.5,0.7493,0.0,Defensive Coverage
46542,0.5541,0.1589,8,2.0,0.9894,0.6537,0.5,0.0,Targeted Receiver
46630,0.8039,0.2784,12,2.3333,0.9719,0.5,0.7751,0.0,Defensive Coverage
46652,0.3508,0.5329,60,2.9833,0.9488,0.5,0.5425,0.0,Defensive Coverage
46657,0.7585,0.4057,26,2.5,0.9685,0.5,0.7624,0.0,Defensive Coverage
46669,0.4776,0.4684,93,2.7204,0.9383,0.5,0.6245,0.0,Defensive Coverage
46671,0.5591,0.2866,15,2.1333,0.9638,0.682,0.5,0.0,Targeted Receiver
46672,0.6147,0.4051,45,2.6667,0.9515,0.5,0.6988,0.0,Defensive Coverage
46674,0.5871,0.377,8,2.25,0.9783,0.5,0.6036,0.0,Defensive Coverage
46680,0.8078,0.5261,6,2.0,0.9407,0.5,0.7927,0.0,Defensive Coverage
46698,0.6148,0.4454,116,2.5259,0.9487,0.5,0.6904,0.0,Defensive Coverage
46699,0.3188,0.4856,72,2.6806,0.9213,0.5,0.5319,0.0,Defensive Coverage
46700,0.5626,0.4565,85,2.6118,0.9558,0.5,0.6505,0.0,Defensive Coverage
46705,0.5116,0.2558,46,2.2609,0.9259,0.6983,0.5,0.0,Targeted Receiver
46711,0.4983,0.4934,68,2.5,0.9465,0.5,0.6079,0.0,Defensive Coverage
46724,0.6599,0.3765,12,2.5,0.931,0.5,0.7456,0.0,Defensive Coverage
46729,0.334,0.4565,10,2.6,0.9367,0.5,0.5136,0.0,Defensive Coverage
46757,0.5264,0.5765,150,2.5733,0.9427,0.5,0.64,0.0,Defensive Coverage
46759,0.5111,0.0035,2,2.0,0.9984,0.6275,0.5,0.0,Targeted Receiver
46775,0.5378,0.4469,92,2.4239,0.9573,0.5,0.6139,0.0,Defensive Coverage
46797,0.5604,0.2019,45,2.2222,0.9733,0.6773,0.5,0.0,Targeted Receiver
46807,0.6049,0.4619,46,2.587,0.9495,0.5,0.6876,0.0,Defensive Coverage
46823,0.4921,0.4323,39,2.7949,0.9432,0.5,0.6346,0.0,Defensive Coverage
46830,0.5009,0.2891,38,2.3421,0.9479,0.6775,0.5,0.0,Targeted Receiver
46902,0.6162,0.4766,116,2.681,0.9471,0.5,0.7075,0.0,Defensive Coverage
46968,0.6197,0.4688,68,2.7206,0.9539,0.5,0.7039,0.0,Defensive Coverage
46992,0.561,0.2571,23,2.3043,0.9344,0.7136,0.5,0.0,Targeted Receiver
47605,0.5566,0.1579,6,2.0,0.9707,0.6708,0.5,0.0,Targeted Receiver
47749,0.4819,0.1075,2,2.0,0.9966,0.6165,0.5,0.0,Targeted Receiver
47786,0.8998,,1,4.0,0.9948,0.5,0.9596,0.0,Defensive Coverage
47787,0.8809,,1,2.0,0.9951,0.5,0.7672,0.0,Defensive Coverage
47788,0.6159,0.4224,113,2.8673,0.954,0.5,0.714,0.0,Defensive Coverage
47790,0.6488,0.4225,17,2.3529,0.9349,0.5,0.719,0.0,Defensive Coverage
47791,0.5121,0.1898,118,2.2373,0.9768,0.6542,0.5,0.0,Targeted Receiver
47793,0.5024,0.4629,26,3.0769,0.9699,0.5,0.6289,0.0,Defensive Coverage
47799,0.6935,0.4828,14,2.6429,0.9806,0.5,0.7114,0.0,Defensive Coverage
47800,1.0341,,1,2.0,0.9732,0.5,0.9079,0.0,Defensive Coverage
47802,0.3755,0.4462,4,4.5,0.9958,0.5244,0.6412,0.0,Defensive Coverage
47803,0.499,0.2118,41,2.122,0.9829,0.6396,0.5,0.0,Targeted Receiver
47804,0.5713,0.476,53,2.6415,0.9442,0.5,0.676,0.0,Defensive Coverage
47807,0.5764,0.2692,39,2.1538,0.9678,0.6867,0.5,0.0,Targeted Receiver
47808,0.5414,0.2628,82,2.2805,0.967,0.6765,0.5,0.0,Targeted Receiver
47810,0.6443,0.4239,29,2.7586,0.9632,0.5,0.7116,0.0,Defensive Coverage
47816,0.5267,0.4385,126,2.5556,0.9463,0.5,0.6335,0.0,Defensive Coverage
47817,0.4746,0.4404,38,2.6842,0.9466,0.5,0.6073,0.0,Defensive Coverage
47819,0.5295,0.1772,67,2.209,0.9806,0.6575,0.5,0.0,Targeted Receiver
47822,0.5115,0.4585,104,2.4808,0.9419,0.5,0.6222,0.0,Defensive Coverage
47826,0.6472,0.3977,66,2.6061,0.9628,0.5,0.7005,0.0,Defensive Coverage
47828,0.7385,0.4194,8,2.25,0.9742,0.5,0.7176,0.0,Defensive Coverage
47833,0.5471,0.2905,20,2.35,0.9633,0.6844,0.5,0.0,Targeted Receiver
47834,0.562,0.2931,139,2.2734,0.9517,0.6982,0.5,0.0,Targeted Receiver
47835,0.476,0.1774,24,2.5,0.9968,0.6299,0.5,0.0,Targeted Receiver
47836,0.4861,0.1057,30,2.1333,0.9777,0.6389,0.5,0.0,Targeted Receiver
47837,0.5938,0.3949,15,2.2667,0.9363,0.5,0.6699,0.0,Defensive Coverage
47839,0.6075,0.3598,10,2.2,0.9809,0.6903,0.5,0.0,Targeted Receiver
47842,0.5459,0.1956,21,2.0952,0.9892,0.6534,0.5,0.0,Targeted Receiver
47844,0.464,0.5767,40,2.45,0.8934,0.5,0.6548,0.0,Defensive Coverage
47846,0.6122,0.4836,62,2.6935,0.9458,0.5,0.7076,0.0,Defensive Coverage
47847,0.5302,0.2385,96,2.3021,0.9488,0.688,0.5,0.0,Targeted Receiver
47848,0.9155,,1,4.0,0.9991,0.5,0.9647,0.0,Defensive Coverage
47849,0.5531,0.1966,74,2.1216,0.9594,0.6829,0.5,0.0,Targeted Receiver
47852,0.423,0.0906,23,2.4348,0.9752,0.6236,0.5,0.0,Targeted Receiver
47853,0.4575,0.0629,6,2.0,0.9968,0.606,0.5,0.0,Targeted Receiver
47854,0.7419,0.0725,3,4.0,0.9991,0.5,0.8407,0.0,Defensive Coverage
47855,0.6619,0.4305,121,2.876,0.9641,0.5,0.7332,0.0,Defensive Coverage
47856,0.5803,0.2862,15,2.4,0.9795,0.6863,0.5,0.0,Targeted Receiver
47857,0.5548,0.1755,26,2.2692,0.9761,0.6741,0.5,0.0,Targeted Receiver
47859,0.5079,0.2638,113,2.2301,0.9514,0.6739,0.5,0.0,Targeted Receiver
47862,0.6068,0.4453,24,2.5,0.9654,0.5,0.6584,0.0,Defensive Coverage
47863,0.5241,0.5249,47,3.0213,0.9472,0.5,0.6719,0.0,Defensive Coverage
47864,0.6079,0.3692,30,2.2667,0.9671,0.5,0.6359,0.0,Defensive Coverage
47870,0.4291,0.0008,2,7.5,0.9652,0.7976,0.5,0.0,Targeted Receiver
47871,0.6519,0.4041,94,3.117,0.9619,0.5,0.7508,0.0,Defensive Coverage
47872,0.519,0.5193,110,3.3455,0.9676,0.5,0.6681,0.0,Defensive Coverage
47876,0.7293,0.5669,4,2.25,0.8164,0.8851,0.5,0.0,Targeted Receiver
47877,0.4554,0.4616,111,2.4775,0.9475,0.5,0.5738,0.0,Defensive Coverage
47878,0.5005,,1,2.0,0.8517,0.5,0.7003,0.0,Defensive Coverage
47879,0.4801,0.21,33,2.4848,0.9945,0.6333,0.5,0.0,Targeted Receiver
47881,0.5772,0.4683,122,2.9672,0.9691,0.5,0.6738,0.0,Defensive Coverage
47882,0.5347,0.4689,74,2.6351,0.9222,0.5,0.6807,0.0,Defensive Coverage
47885,0.6238,0.3103,31,2.2258,0.9769,0.7015,0.5,0.0,Targeted Receiver
47888,0.6264,0.4163,25,2.56,0.9439,0.5,0.7086,0.0,Defensive Coverage
47890,0.7596,0.2977,14,2.5714,0.979,0.5,0.7545,0.0,Defensive Coverage
47891,0.5569,0.4852,120,2.5583,0.9546,0.5,0.6435,0.0,Defensive Coverage
47894,0.3392,0.7295,4,2.5,0.8412,0.5,0.6447,0.0,Defensive Coverage
47896,0.496,0.1619,24,2.25,0.9915,0.635,0.5,0.0,Targeted Receiver
47899,0.5821,0.4739,107,2.5421,0.96,0.5,0.6522,0.0,Defensive Coverage
47904,0.8464,0.5495,2,2.0,0.9629,0.8017,0.5,0.0,Targeted Receiver
47911,0.4612,0.1709,49,2.2449,0.9966,0.6156,0.5,0.0,Targeted Receiver
47913,0.6847,0.4536,60,2.75,0.9538,0.5,0.753,0.0,Defensive Coverage
47915,0.3967,0.5539,14,2.5714,0.9614,0.5,0.5204,0.0,Defensive Coverage
47920,0.592,0.2034,24,2.2917,0.9629,0.702,0.5,0.0,Targeted Receiver
47931,0.6551,0.4268,147,2.6395,0.9683,0.5,0.7012,0.0,Defensive Coverage
47932,0.4867,0.2082,29,2.4138,0.9712,0.6537,0.5,0.0,Targeted Receiver
47934,0.7173,0.368,31,2.7742,0.9754,0.5,0.7475,0.0,Defensive Coverage
47938,0.5374,0.5207,26,3.2692,0.9551,0.5,0.6922,0.0,Defensive Coverage
47939,0.5328,,1,4.0,0.9976,0.5,0.6935,0.0,Defensive Coverage
47940,0.6525,0.4453,81,2.4938,0.9619,0.5,0.6955,0.0,Defensive Coverage
47941,0.5079,0.4968,50,2.3,0.902,0.5,0.6605,0.0,Defensive Coverage
47947,0.6801,0.4266,104,2.7596,0.9636,0.5,0.7366,0.0,Defensive Coverage
47954,0.538,0.2948,67,2.209,0.9182,0.7145,0.5,0.0,Targeted Receiver
47956,0.5139,0.4996,47,2.6596,0.9518,0.5,0.6258,0.0,Defensive Coverage
47963,0.5033,0.4679,61,2.5902,0.9433,0.5,0.6242,0.0,Defensive Coverage
47965,0.5541,0.1101,6,2.0,0.9918,0.6516,0.5,0.0,Targeted Receiver
47968,0.3827,0.3333,15,2.5333,0.9391,0.5,0.539,0.0,Defensive Coverage
47969,0.5374,0.168,6,2.0,0.9915,0.6447,0.5,0.0,Targeted Receiver
47970,0.428,,1,2.0,0.9785,0.609,0.5,0.0,Targeted Receiver
47971,0.6195,0.4625,95,3.0,0.9665,0.5,0.7106,0.0,Defensive Coverage
47974,0.5199,0.4428,103,2.8252,0.9596,0.5,0.6337,0.0,Defensive Coverage
47975,0.498,,1,4.0,0.9979,0.5,0.6683,0.0,Defensive Coverage
47988,0.4526,0.5265,14,2.4286,0.894,0.5,0.6439,0.0,Defensive Coverage
47991,0.6171,0.352,11,2.3636,0.97,0.709,0.5,0.0,Targeted Receiver
47996,0.6068,0.3877,96,2.6667,0.9578,0.5,0.6842,0.0,Defensive Coverage
48026,0.5917,0.4174,79,2.4051,0.9531,0.5,0.6568,0.0,Defensive Coverage
48027,0.5634,0.4221,107,2.8037,0.9716,0.5,0.6457,0.0,Defensive Coverage
48089,0.7438,0.0284,2,2.0,0.9953,0.5,0.669,0.0,Defensive Coverage
48096,0.5397,0.1498,11,2.0,0.9946,0.6431,0.5,0.0,Targeted Receiver
48097,0.527,0.206,92,2.1522,0.9654,0.6675,0.5,0.0,Targeted Receiver
48103,0.4294,0.7026,2,4.0,0.9936,0.5,0.6254,0.0,Defensive Coverage
48117,0.5621,0.3671,13,3.0,0.9578,0.5,0.682,0.0,Defensive Coverage
48142,0.6437,0.2481,7,2.0,0.9877,0.6936,0.5,0.0,Targeted Receiver
48173,0.4785,0.2073,3,3.3333,0.9553,0.5,0.6557,0.0,Defensive Coverage
48206,0.9471,0.1317,3,2.6667,0.9926,0.5,0.8776,0.0,Defensive Coverage
48207,0.5914,0.2636,6,2.3333,0.9924,0.6779,0.5,0.0,Targeted Receiver
48228,0.5473,0.2509,10,2.8,0.9953,0.6714,0.5,0.0,Targeted Receiver
48233,0.5296,0.2793,15,2.5333,0.986,0.6633,0.5,0.0,Targeted Receiver
48241,0.5612,0.4728,135,2.5111,0.9654,0.5,0.6268,0.0,Defensive Coverage
48266,0.9326,,1,2.0,0.9866,0.8183,0.5,0.0,Targeted Receiver
48268,0.6578,0.4146,117,2.8889,0.9604,0.5,0.7367,0.0,Defensive Coverage
48318,0.5313,,1,2.0,0.9974,0.6371,0.5,0.0,Targeted Receiver
48364,0.6654,0.3619,6,2.6667,0.9587,0.5,0.7247,0.0,Defensive Coverage
48374,0.4924,0.1079,15,2.1333,0.9734,0.6453,0.5,0.0,Targeted Receiver
48415,0.5459,0.1112,14,2.0,0.9828,0.6559,0.5,0.0,Targeted Receiver
48447,0.5863,0.4742,72,2.8056,0.9553,0.5,0.6856,0.0,Defensive Coverage
48456,0.4997,0.2516,38,2.4474,0.987,0.6468,0.5,0.0,Targeted Receiver
48471,0.5133,0.3009,28,2.1429,0.9475,0.6767,0.5,0.0,Targeted Receiver
48476,0.8682,0.1604,12,3.0,0.984,0.5,0.8632,0.0,Defensive Coverage
48482,0.6064,0.5672,52,2.4038,0.9346,0.5,0.6937,0.0,Defensive Coverage
48487,0.4929,0.501,20,2.4,0.9543,0.5,0.5841,0.0,Defensive Coverage
48495,0.7651,0.1785,4,2.5,0.973,0.5,0.7607,0.0,Defensive Coverage
48508,0.5408,0.6074,37,2.8108,0.8895,0.5,0.7475,0.0,Defensive Coverage
48516,0.6311,0.4173,167,2.6647,0.9615,0.5,0.6961,0.0,Defensive Coverage
48537,0.4933,0.4186,6,3.3333,0.9952,0.5,0.6092,0.0,Defensive Coverage
48541,0.4566,0.0983,16,2.125,0.995,0.6111,0.5,0.0,Targeted Receiver
48556,0.4701,0.3207,20,2.65,0.9239,0.6947,0.5,0.0,Targeted Receiver
48581,0.6047,0.4278,4,2.5,0.9885,0.5,0.624,0.0,Defensive Coverage
48588,0.6625,0.405,7,2.5714,0.9618,0.5,0.7097,0.0,Defensive Coverage
48599,0.7715,,1,4.0,0.9662,0.5,0.9088,0.0,Defensive Coverage
48624,0.4552,0.0408,3,2.0,0.986,0.6142,0.5,0.0,Targeted Receiver
48646,0.5186,0.2307,34,2.2647,0.9788,0.656,0.5,0.0,Targeted Receiver
48700,0.4695,,1,2.0,0.9966,0.6113,0.5,0.0,Targeted Receiver
48707,0.5124,,1,2.0,0.9946,0.6314,0.5,0.0,Targeted Receiver
48780,0.605,0.3481,18,2.8889,0.9512,0.5,0.7121,0.0,Defensive Coverage
48988,0.369,,1,2.0,0.9998,0.5655,0.5,0.0,Targeted Receiver
49410,0.5736,0.4797,93,2.5591,0.9415,0.5,0.6742,0.0,Defensive Coverage
52272,0.5522,0.4684,87,2.7126,0.9644,0.5,0.6399,0.0,Defensive Coverage
52410,0.5702,0.6777,2,3.0,0.9908,0.5,0.6406,0.0,Defensive Coverage
52411,0.4798,0.4558,91,2.7473,0.954,0.5,0.6061,0.0,Defensive Coverage
52416,0.5295,0.4316,46,2.6522,0.9618,0.5,0.6221,0.0,Defensive Coverage
52417,0.5529,0.4611,45,2.6222,0.9757,0.5,0.6162,0.0,Defensive Coverage
52423,0.4706,0.2263,68,2.2059,0.9441,0.6634,0.5,0.0,Targeted Receiver
52424,0.4562,0.482,142,2.6408,0.9586,0.5,0.5732,0.0,Defensive Coverage
52425,0.4876,0.2579,165,2.3273,0.9497,0.6698,0.5,0.0,Targeted Receiver
52428,0.596,0.4622,5,2.4,0.9413,0.5,0.6762,0.0,Defensive Coverage
52429,0.4282,0.1473,20,2.5,0.9747,0.6284,0.5,0.0,Targeted Receiver
52430,0.543,0.2051,88,2.1136,0.9609,0.677,0.5,0.0,Targeted Receiver
52431,0.5898,0.4645,139,2.8921,0.9634,0.5,0.6842,0.0,Defensive Coverage
52433,0.5082,0.1996,99,2.2424,0.9791,0.6506,0.5,0.0,Targeted Receiver
52435,0.586,0.4996,100,2.7,0.9648,0.5,0.6623,0.0,Defensive Coverage
52436,0.5768,0.4124,148,2.8108,0.9648,0.5,0.6657,0.0,Defensive Coverage
52438,0.3209,0.6306,3,2.6667,0.9894,0.5,0.4348,0.0,Defensive Coverage
52440,0.5573,0.2941,13,2.1538,0.9816,0.6667,0.5,0.0,Targeted Receiver
52441,0.4888,0.22,68,2.2353,0.9566,0.6614,0.5,0.0,Targeted Receiver
52442,0.5548,0.2342,121,2.1983,0.9613,0.6845,0.5,0.0,Targeted Receiver
52443,0.4973,0.1328,31,2.1935,0.9842,0.64,0.5,0.0,Targeted Receiver
52444,0.6326,0.4269,121,2.7107,0.9582,0.5,0.706,0.0,Defensive Coverage
52445,0.6147,0.4975,127,2.748,0.94,0.5,0.7226,0.0,Defensive Coverage
52446,0.5141,0.5088,6,3.0,0.9717,0.5,0.6278,0.0,Defensive Coverage
52449,0.5123,0.1908,14,2.2857,0.9592,0.6709,0.5,0.0,Targeted Receiver
52450,0.4728,,1,2.0,0.9998,0.6099,0.5,0.0,Targeted Receiver
52451,0.4825,0.2147,78,2.4615,0.982,0.6442,0.5,0.0,Targeted Receiver
52452,0.5217,0.5946,68,3.0,0.9597,0.5,0.6504,0.0,Defensive Coverage
52453,0.6215,0.4857,132,2.6742,0.9312,0.5,0.7334,0.0,Defensive Coverage
52456,0.7313,0.225,11,3.2727,0.9784,0.5,0.7979,0.0,Defensive Coverage
52457,0.6078,0.2726,14,2.0,0.9578,0.7038,0.5,0.0,Targeted Receiver
52458,0.5149,0.5002,88,2.3864,0.9212,0.5,0.6457,0.0,Defensive Coverage
52459,0.6384,0.4234,15,2.8,0.9771,0.5,0.6911,0.0,Defensive Coverage
52460,0.5507,0.2856,7,2.5714,0.983,0.6761,0.5,0.0,Targeted Receiver
52462,0.3348,,1,2.0,0.866,0.5,0.5615,0.0,Defensive Coverage
52463,0.3163,,1,4.0,0.9998,0.6072,0.5,0.0,Targeted Receiver
52465,0.4955,0.2128,39,2.3846,0.9721,0.6558,0.5,0.0,Targeted Receiver
52468,0.6967,0.3296,9,2.6667,0.9671,0.5,0.7352,0.0,Defensive Coverage
52469,0.4805,0.484,80,2.55,0.9213,0.5,0.6357,0.0,Defensive Coverage
52470,0.4894,0.1377,21,2.3333,0.9848,0.6406,0.5,0.0,Targeted Receiver
52471,0.6406,0.3937,51,2.5686,0.961,0.5,0.6951,0.0,Defensive Coverage
52472,0.543,0.3688,35,2.8,0.9646,0.5,0.6408,0.0,Defensive Coverage
52473,0.6265,0.4501,142,2.7042,0.947,0.5,0.7171,0.0,Defensive Coverage
52474,0.4558,0.14,42,2.2381,0.9959,0.6137,0.5,0.0,Targeted Receiver
52475,0.8123,0.1642,5,2.6,0.9548,0.5,0.8292,0.0,Defensive Coverage
52476,0.6051,0.3244,23,2.3913,0.9384,0.5,0.6861,0.0,Defensive Coverage
52478,0.578,0.4142,58,2.5862,0.9615,0.5,0.6511,0.0,Defensive Coverage
52479,0.5371,0.128,2,4.0,0.9916,0.5,0.7053,0.0,Defensive Coverage
52482,0.6159,0.536,11,2.5455,0.9655,0.5,0.6689,0.0,Defensive Coverage
52484,0.4383,0.0966,4,2.0,0.998,0.5967,0.5,0.0,Targeted Receiver
52488,0.3712,0.3312,11,2.1818,0.8953,0.6618,0.5,0.0,Targeted Receiver
52493,0.5806,0.4547,124,2.7097,0.9623,0.5,0.6628,0.0,Defensive Coverage
52494,0.466,0.1002,29,2.069,0.997,0.6116,0.5,0.0,Targeted Receiver
52495,0.5401,0.4897,20,2.5,0.9303,0.5,0.661,0.0,Defensive Coverage
52498,0.8062,,1,2.0,0.972,0.5,0.7468,0.0,Defensive Coverage
52500,0.5866,0.2649,5,2.4,0.9596,0.706,0.5,0.0,Targeted Receiver
52501,0.5438,0.1133,7,2.2857,0.9544,0.6884,0.5,0.0,Targeted Receiver
52502,0.6024,0.3181,7,2.8571,0.9594,0.7276,0.5,0.0,Targeted Receiver
52506,0.7199,0.2858,10,3.0,0.9845,0.5,0.7565,0.0,Defensive Coverage
52510,0.4012,0.5607,27,2.8519,0.9273,0.5,0.5975,0.0,Defensive Coverage
52512,0.3538,0.5919,20,2.7,0.9271,0.5,0.5503,0.0,Defensive Coverage
52513,0.5141,0.1849,30,2.3333,0.9908,0.6461,0.5,0.0,Targeted Receiver
52515,0.8478,0.1701,8,3.0,0.9898,0.5,0.8403,0.0,Defensive Coverage
52518,0.5324,0.5371,20,2.4,0.9112,0.5,0.6738,0.0,Defensive Coverage
52520,0.476,0.0749,10,2.0,0.9978,0.613,0.5,0.0,Targeted Receiver
52523,0.6049,0.2563,19,2.2105,0.9828,0.6879,0.5,0.0,Targeted Receiver
52525,0.7181,0.3447,18,2.3889,0.954,0.5,0.7443,0.0,Defensive Coverage
52526,0.9221,,1,2.0,0.7694,1.0,0.5,0.0,Targeted Receiver
52527,0.5977,0.4478,46,2.4783,0.9571,0.5,0.6618,0.0,Defensive Coverage
52528,0.4998,0.0458,4,2.0,0.9953,0.6254,0.5,0.0,Targeted Receiver
52532,0.4576,0.0624,2,2.0,0.9977,0.6053,0.5,0.0,Targeted Receiver
52535,0.5462,0.4742,95,2.5158,0.9323,0.5,0.6638,0.0,Defensive Coverage
52536,0.4957,0.2385,69,2.1739,0.9398,0.6768,0.5,0.0,Targeted Receiver
52540,0.6695,0.2874,13,2.1538,0.9591,0.5,0.6813,0.0,Defensive Coverage
52541,0.4621,0.1882,29,2.2759,0.9953,0.6181,0.5,0.0,Targeted Receiver
52542,0.5087,0.4439,20,2.6,0.9573,0.5,0.6089,0.0,Defensive Coverage
52544,0.4559,0.0781,6,2.3333,0.9959,0.6168,0.5,0.0,Targeted Receiver
52545,0.5593,0.3655,6,2.3333,0.9713,0.5,0.6012,0.0,Defensive Coverage
52546,0.5595,0.4342,125,2.648,0.9464,0.5,0.6651,0.0,Defensive Coverage
52547,0.5789,0.4379,92,2.5217,0.95,0.5,0.6624,0.0,Defensive Coverage
52548,0.891,,1,4.0,0.9909,0.5,0.959,0.0,Defensive Coverage
52552,0.6097,0.2967,7,3.4286,0.9835,0.7285,0.5,0.0,Targeted Receiver
52555,0.8352,,1,2.0,0.981,0.5,0.7546,0.0,Defensive Coverage
52563,1.1178,,1,2.0,0.9942,0.5,0.9376,0.0,Defensive Coverage
52565,0.707,,1,2.0,0.9491,0.5,0.7087,0.0,Defensive Coverage
52566,0.3348,0.5553,16,2.625,0.95,0.5,0.4973,0.0,Defensive Coverage
52569,0.3686,0.1213,3,2.0,0.9277,0.6271,0.5,0.0,Targeted Receiver
52570,0.6288,0.3759,48,2.625,0.9789,0.5,0.666,0.0,Defensive Coverage
52571,0.543,0.4107,32,2.6875,0.9674,0.5,0.6268,0.0,Defensive Coverage
52573,0.4004,,1,2.0,0.9997,0.579,0.5,0.0,Targeted Receiver
52581,0.4792,0.1855,44,2.2727,0.9869,0.6325,0.5,0.0,Targeted Receiver
52584,0.5906,0.268,64,2.1094,0.9689,0.6904,0.5,0.0,Targeted Receiver
52585,0.3909,0.7077,2,2.0,0.9837,0.5,0.4334,0.0,Defensive Coverage
52594,0.6175,0.4324,106,2.5755,0.947,0.5,0.6992,0.0,Defensive Coverage
52595,0.4724,0.1021,20,2.1,0.9903,0.6211,0.5,0.0,Targeted Receiver
52598,0.5925,0.0205,3,2.0,0.9971,0.6635,0.5,0.0,Targeted Receiver
52607,0.5527,0.4474,141,2.5248,0.9428,0.5,0.6544,0.0,Defensive Coverage
52608,0.5495,0.1741,18,2.0,0.9844,0.656,0.5,0.0,Targeted Receiver
52609,0.4813,0.0369,2,2.0,0.9789,0.6315,0.5,0.0,Targeted Receiver
52613,0.6398,0.4,140,2.6071,0.9502,0.5,0.7133,0.0,Defensive Coverage
52615,0.5257,0.2946,32,2.5312,0.9513,0.6913,0.5,0.0,Targeted Receiver
52623,0.2653,0.1745,3,3.3333,0.9496,0.5,0.5115,0.0,Defensive Coverage
52624,0.4707,0.5023,138,2.7391,0.9475,0.5,0.6081,0.0,Defensive Coverage
52625,0.5305,0.2725,28,2.0714,0.9489,0.6806,0.5,0.0,Targeted Receiver
52627,0.5255,0.536,119,2.7563,0.9326,0.5,0.6701,0.0,Defensive Coverage
52637,1.1283,,1,2.0,0.9883,0.5,0.9535,0.0,Defensive Coverage
52641,0.8218,0.3676,2,3.0,0.9926,0.5,0.8178,0.0,Defensive Coverage
52647,0.4106,0.5227,62,2.5,0.9262,0.5,0.5743,0.0,Defensive Coverage
52659,0.5497,0.3207,22,2.0,0.9253,0.7067,0.5,0.0,Targeted Receiver
52673,0.4557,0.0708,9,2.2222,0.9968,0.6123,0.5,0.0,Targeted Receiver
52685,0.555,0.4039,22,2.3636,0.9434,0.5,0.6407,0.0,Defensive Coverage
52697,0.0199,0.3836,7,2.8571,0.9683,0.5,0.267,0.0,Defensive Coverage
52708,0.5177,,1,2.0,0.9963,0.6322,0.5,0.0,Targeted Receiver
52743,0.9768,0.1729,2,2.0,0.9874,0.5,0.8467,0.0,Defensive Coverage
52762,0.4946,0.0459,6,2.0,0.9961,0.6225,0.5,0.0,Targeted Receiver
52764,0.5296,0.4473,43,3.0,0.973,0.5,0.637,0.0,Defensive Coverage
52792,0.4413,0.2738,2,2.0,0.999,0.5,0.4476,0.0,Defensive Coverage
52797,0.6973,,1,2.0,0.9381,0.5,0.7174,0.0,Defensive Coverage
52835,0.5613,0.4709,63,2.7778,0.9465,0.5,0.6778,0.0,Defensive Coverage
52836,0.6427,0.3341,4,2.0,0.9957,0.6863,0.5,0.0,Targeted Receiver
52844,0.7546,0.3407,84,2.5833,0.9715,0.5,0.7627,0.0,Defensive Coverage
52858,0.443,,1,2.0,0.9999,0.5971,0.5,0.0,Targeted Receiver
52863,0.5706,0.5092,42,2.881,0.9498,0.5,0.6889,0.0,Defensive Coverage
52875,0.5325,0.1665,14,2.3571,0.975,0.6683,0.5,0.0,Targeted Receiver
52897,0.6896,0.3707,24,2.375,0.9565,0.5,0.7192,0.0,Defensive Coverage
52904,0.5507,0.5029,10,3.1,0.9443,0.5,0.702,0.0,Defensive Coverage
52922,0.474,0.103,13,2.0,0.996,0.6138,0.5,0.0,Targeted Receiver
52934,0.4803,,1,2.0,0.9997,0.6132,0.5,0.0,Targeted Receiver
52939,0.4964,0.5256,30,2.2667,0.947,0.5,0.585,0.0,Defensive Coverage
52942,0.5795,0.2394,51,2.2353,0.9819,0.6786,0.5,0.0,Targeted Receiver
52947,0.7929,,1,4.0,0.9987,0.5,0.8777,0.0,Defensive Coverage
52991,0.5284,0.4866,125,2.52,0.9398,0.5,0.6407,0.0,Defensive Coverage
53028,0.6227,0.4428,11,2.9091,0.98,0.5,0.6855,0.0,Defensive Coverage
53041,0.5686,0.2443,13,2.1538,0.9929,0.6619,0.5,0.0,Targeted Receiver
53047,0.4678,0.1801,5,2.8,0.9977,0.6353,0.5,0.0,Targeted Receiver
53049,0.2688,0.5795,4,2.5,0.9135,0.5,0.4911,0.0,Defensive Coverage
53053,0.5418,0.2708,3,2.6667,0.942,0.5,0.6604,0.0,Defensive Coverage
53074,0.4807,0.1701,38,2.3158,0.9939,0.6286,0.5,0.0,Targeted Receiver
53079,0.5156,,1,2.0,0.9988,0.6291,0.5,0.0,Targeted Receiver
53117,0.4909,0.118,14,2.0,0.958,0.6536,0.5,0.0,Targeted Receiver
53433,0.5464,0.1856,81,2.1481,0.9819,0.6616,0.5,0.0,Targeted Receiver
53434,0.5615,0.2041,107,2.2056,0.9567,0.6915,0.5,0.0,Targeted Receiver
53435,0.5062,0.1497,85,2.1412,0.9776,0.6478,0.5,0.0,Targeted Receiver
53437,0.646,0.3852,42,2.4762,0.9721,0.5,0.6749,0.0,Defensive Coverage
53438,0.5217,0.435,140,2.7571,0.9693,0.5,0.615,0.0,Defensive Coverage
53439,0.5261,0.2561,93,2.1505,0.9452,0.6844,0.5,0.0,Targeted Receiver
53441,0.7627,0.3353,6,3.0,0.9932,0.5,0.7747,0.0,Defensive Coverage
53445,0.5189,0.3944,26,2.8077,0.9667,0.5,0.6213,0.0,Defensive Coverage
53447,0.6241,0.4827,6,2.3333,0.9113,0.5,0.7333,0.0,Defensive Coverage
53448,0.5864,0.4826,86,2.593,0.9541,0.5,0.6683,0.0,Defensive Coverage
53449,0.5073,0.1631,24,2.25,0.9858,0.6447,0.5,0.0,Targeted Receiver
53453,0.4862,0.1308,30,2.1333,0.9959,0.6233,0.5,0.0,Targeted Receiver
53454,0.5315,0.1405,40,2.15,0.9947,0.6443,0.5,0.0,Targeted Receiver
53455,0.5947,0.4529,92,2.5,0.9541,0.5,0.6659,0.0,Defensive Coverage
53456,0.543,0.2774,53,2.3019,0.972,0.6736,0.5,0.0,Targeted Receiver
53458,0.4415,0.4472,13,2.7692,0.9725,0.5,0.5542,0.0,Defensive Coverage
53459,0.7011,0.4206,4,3.0,0.9857,0.5,0.7414,0.0,Defensive Coverage
53460,0.4928,0.5569,4,3.5,0.9957,0.5,0.623,0.0,Defensive Coverage
53461,0.5055,0.3975,15,2.4,0.9667,0.5,0.5754,0.0,Defensive Coverage
53462,0.4934,0.4297,93,2.5269,0.9509,0.5,0.6005,0.0,Defensive Coverage
53463,0.5921,0.2549,85,2.0706,0.9516,0.7046,0.5,0.0,Targeted Receiver
53464,0.5233,0.1525,41,2.1951,0.9956,0.6415,0.5,0.0,Targeted Receiver
53465,0.597,0.4445,81,2.7407,0.9543,0.5,0.6888,0.0,Defensive Coverage
53469,0.6596,0.3675,100,2.85,0.9676,0.5,0.7242,0.0,Defensive Coverage
53472,0.5418,0.4714,102,2.7059,0.9456,0.5,0.6587,0.0,Defensive Coverage
53473,0.6353,0.3781,4,3.0,0.9941,0.5,0.6824,0.0,Defensive Coverage
53476,0.4102,0.4948,132,2.5985,0.9422,0.5,0.56,0.0,Defensive Coverage
53478,0.4732,0.1877,44,2.3636,0.9811,0.6379,0.5,0.0,Targeted Receiver
53479,0.7228,0.1594,6,3.1667,0.9642,0.5,0.8026,0.0,Defensive Coverage
53481,0.6796,0.3671,73,2.7945,0.9778,0.5,0.719,0.0,Defensive Coverage
53484,0.6006,0.2503,39,2.1282,0.982,0.6841,0.5,0.0,Targeted Receiver
53485,0.3169,,1,4.0,0.9993,0.6078,0.5,0.0,Targeted Receiver
53486,0.4741,0.2204,57,2.0526,0.9508,0.6542,0.5,0.0,Targeted Receiver
53487,0.5357,0.3839,49,2.7755,0.9476,0.5,0.6577,0.0,Defensive Coverage
53488,0.5732,0.2626,25,2.32,0.9313,0.722,0.5,0.0,Targeted Receiver
53489,0.5461,0.4498,121,2.7025,0.9602,0.5,0.6407,0.0,Defensive Coverage
53490,1.1164,,1,2.0,0.9984,0.5,0.9307,0.0,Defensive Coverage
53494,0.6415,0.4479,96,2.5938,0.946,0.5,0.7193,0.0,Defensive Coverage
53498,0.7558,0.0395,2,3.0,0.9777,0.5,0.792,0.0,Defensive Coverage
53503,0.5598,0.4429,168,2.5774,0.9484,0.5,0.656,0.0,Defensive Coverage
53505,0.5529,0.4509,147,2.5238,0.9646,0.5,0.6232,0.0,Defensive Coverage
53506,0.5791,0.3029,50,2.36,0.9725,0.6905,0.5,0.0,Targeted Receiver
53508,0.2493,0.9343,2,3.5,0.8243,0.5,0.694,0.0,Defensive Coverage
53509,0.6002,0.406,80,2.575,0.9545,0.5,0.676,0.0,Defensive Coverage
53511,0.5413,0.192,20,2.35,0.9688,0.6771,0.5,0.0,Targeted Receiver
53512,0.4995,0.1824,28,2.3571,0.989,0.6421,0.5,0.0,Targeted Receiver
53514,0.4844,0.0704,2,2.0,0.991,0.6225,0.5,0.0,Targeted Receiver
53517,0.3925,0.0751,5,2.4,0.9849,0.6011,0.5,0.0,Targeted Receiver
53518,0.5471,0.1994,86,2.1512,0.9634,0.6778,0.5,0.0,Targeted Receiver
53519,0.6001,0.4458,10,2.6,0.9824,0.5,0.6384,0.0,Defensive Coverage
53521,0.7991,0.0416,3,2.0,0.9303,0.5,0.8013,0.0,Defensive Coverage
53525,0.6745,0.3181,4,3.5,0.9964,0.5,0.7518,0.0,Defensive Coverage
53528,0.6649,0.5617,5,2.0,0.9202,0.5,0.7199,0.0,Defensive Coverage
53529,0.6445,0.4355,87,2.5172,0.9609,0.5,0.6934,0.0,Defensive Coverage
53530,0.5815,0.4409,56,2.6964,0.9599,0.5,0.6657,0.0,Defensive Coverage
53531,0.4166,0.5856,75,2.4267,0.8681,0.5,0.6551,0.0,Defensive Coverage
53532,0.6656,0.3875,110,3.0364,0.97,0.5,0.7418,0.0,Defensive Coverage
53533,0.386,0.4801,172,2.5581,0.9326,0.5,0.5528,0.0,Defensive Coverage
53534,0.564,0.5435,8,2.75,0.9515,0.5,0.6701,0.0,Defensive Coverage
53536,0.5125,0.1406,30,2.0667,0.9948,0.6334,0.5,0.0,Targeted Receiver
53540,0.8327,0.3155,3,2.6667,0.9894,0.5,0.8005,0.0,Defensive Coverage
53541,0.555,0.1901,139,2.1295,0.9721,0.6731,0.5,0.0,Targeted Receiver
53542,0.5411,0.517,73,2.9041,0.9544,0.5,0.6633,0.0,Defensive Coverage
53549,0.548,0.1431,34,2.1765,0.987,0.6588,0.5,0.0,Targeted Receiver
53553,0.5496,0.2884,24,2.3333,0.987,0.6645,0.5,0.0,Targeted Receiver
53554,0.5975,0.4687,151,2.404,0.9293,0.5,0.6949,0.0,Defensive Coverage
53555,0.5449,0.2215,39,2.1026,0.9935,0.6496,0.5,0.0,Targeted Receiver
53556,0.5361,0.2904,43,2.2093,0.9704,0.669,0.5,0.0,Targeted Receiver
53560,0.6298,0.0544,2,2.0,0.9506,0.7194,0.5,0.0,Targeted Receiver
53564,0.0661,,1,4.0,0.9914,0.5,0.3691,0.0,Defensive Coverage
53565,0.4515,0.5657,96,2.5521,0.9169,0.5,0.6215,0.0,Defensive Coverage
53566,0.5196,0.4533,83,2.3976,0.9562,0.5,0.6002,0.0,Defensive Coverage
53574,0.5024,0.1403,14,2.4286,0.9889,0.6458,0.5,0.0,Targeted Receiver
53575,0.6169,0.3776,15,2.6667,0.9529,0.5,0.6985,0.0,Defensive Coverage
53576,0.4406,0.1124,17,2.7059,0.9976,0.6207,0.5,0.0,Targeted Receiver
53579,0.5149,0.1971,30,2.4,0.9927,0.6469,0.5,0.0,Targeted Receiver
53582,0.6596,0.2737,22,2.6364,0.9653,0.5,0.7085,0.0,Defensive Coverage
53583,0.5735,0.4182,114,2.5088,0.9638,0.5,0.6377,0.0,Defensive Coverage
53586,0.5716,0.1281,5,2.4,0.9901,0.6735,0.5,0.0,Targeted Receiver
53589,0.4964,0.5035,50,2.24,0.9176,0.5,0.6247,0.0,Defensive Coverage
53591,0.5575,0.256,39,2.359,0.9842,0.6712,0.5,0.0,Targeted Receiver
53592,0.6826,0.4046,30,3.0667,0.973,0.5,0.7523,0.0,Defensive Coverage
53596,0.5541,0.4406,105,2.6286,0.9609,0.5,0.6387,0.0,Defensive Coverage
53599,0.8052,0.1513,6,2.6667,0.9796,0.5,0.7947,0.0,Defensive Coverage
53601,0.5543,0.4295,137,2.6131,0.94,0.5,0.6673,0.0,Defensive Coverage
53604,0.5433,0.4979,95,2.6526,0.9304,0.5,0.6767,0.0,Defensive Coverage
53605,0.5917,0.4056,13,2.9231,0.9747,0.5,0.6721,0.0,Defensive Coverage
53607,0.8738,,1,2.0,0.9803,0.5,0.7833,0.0,Defensive Coverage
53608,0.5943,0.1929,2,2.0,0.9293,0.7224,0.5,0.0,Targeted Receiver
53609,0.6672,0.4009,71,2.6901,0.9561,0.5,0.7318,0.0,Defensive Coverage
53614,0.4795,0.4645,29,3.069,0.9598,0.5,0.6263,0.0,Defensive Coverage
53623,0.4907,0.1213,4,2.5,0.9987,0.6346,0.5,0.0,Targeted Receiver
53625,0.4656,0.0698,2,2.0,0.9937,0.6121,0.5,0.0,Targeted Receiver
53629,0.655,0.4559,26,2.2308,0.946,0.5,0.6966,0.0,Defensive Coverage
53631,0.5074,,1,2.0,0.9985,0.6259,0.5,0.0,Targeted Receiver
53639,0.6664,0.4669,13,2.4615,0.9857,0.5,0.6685,0.0,Defensive Coverage
53641,0.8797,,1,2.0,0.9957,0.5,0.7654,0.0,Defensive Coverage
53646,0.4579,0.1307,16,2.25,0.9971,0.6139,0.5,0.0,Targeted Receiver
53649,0.6228,0.4016,52,2.6923,0.9567,0.5,0.6994,0.0,Defensive Coverage
53656,0.5536,0.5656,6,2.6667,0.9654,0.5,0.6353,0.0,Defensive Coverage
53658,0.3651,0.1933,3,2.6667,0.9669,0.6134,0.5,0.0,Targeted Receiver
53662,0.466,,1,2.0,0.9998,0.607,0.5,0.0,Targeted Receiver
53668,0.7425,0.3409,19,2.6316,0.989,0.5,0.7335,0.0,Defensive Coverage
53678,0.468,0.1651,8,2.5,0.99,0.6323,0.5,0.0,Targeted Receiver
53688,0.619,,1,2.0,0.955,0.5,0.6374,0.0,Defensive Coverage
53703,0.5041,0.1734,5,2.0,0.98,0.6403,0.5,0.0,Targeted Receiver
53707,0.736,0.3013,15,2.0,0.9281,0.7842,0.5,0.0,Targeted Receiver
53715,0.3645,0.0796,4,3.5,0.9983,0.6131,0.5,0.0,Targeted Receiver
53819,0.4818,0.5518,21,2.381,0.9308,0.5,0.608,0.0,Defensive Coverage
53854,0.3475,0.5075,54,2.6667,0.9219,0.5,0.5503,0.0,Defensive Coverage
53855,0.3824,0.0275,3,2.6667,0.995,0.5968,0.5,0.0,Targeted Receiver
53883,0.4904,0.5175,22,2.1364,0.9216,0.5,0.6054,0.0,Defensive Coverage
53887,0.8705,,1,2.0,0.997,0.5,0.7569,0.0,Defensive Coverage
53910,0.8288,,1,4.0,0.9984,0.5,0.9038,0.0,Defensive Coverage
53932,0.6668,0.2927,3,2.6667,0.974,0.7367,0.5,0.0,Targeted Receiver
53933,0.1077,0.1963,2,2.0,0.8194,0.5,0.4659,0.0,Defensive Coverage
53946,0.5503,0.2366,7,2.2857,0.9735,0.6749,0.5,0.0,Targeted Receiver
53953,0.5031,0.4685,116,2.5259,0.9377,0.5,0.6262,0.0,Defensive Coverage
53957,0.3551,0.5789,7,2.5714,0.868,0.5,0.6243,0.0,Defensive Coverage
53959,0.4051,0.1129,14,2.2857,0.9864,0.6016,0.5,0.0,Targeted Receiver
54014,0.5683,0.6514,3,3.0,0.8679,0.5,0.8148,0.0,Defensive Coverage
54026,0.6476,0.453,17,2.6471,0.9767,0.5,0.6846,0.0,Defensive Coverage
54054,0.604,0.3266,5,2.0,0.98,0.6832,0.5,0.0,Targeted Receiver
54466,0.5599,0.3312,29,2.6552,0.9605,0.5,0.6459,0.0,Defensive Coverage
54467,0.3835,0.7659,9,3.1111,0.8701,0.5,0.6897,0.0,Defensive Coverage
54468,0.4798,0.4881,81,2.7037,0.9465,0.5,0.6129,0.0,Defensive Coverage
54469,0.4058,0.4981,121,2.6612,0.9445,0.5,0.5591,0.0,Defensive Coverage
54470,0.3183,0.6264,13,2.8462,0.8862,0.5,0.5963,0.0,Defensive Coverage
54473,0.5405,0.2398,99,2.1919,0.9583,0.6807,0.5,0.0,Targeted Receiver
54475,0.5055,0.2364,143,2.3706,0.9596,0.6703,0.5,0.0,Targeted Receiver
54476,0.5636,0.2644,124,2.1774,0.9563,0.6919,0.5,0.0,Targeted Receiver
54477,0.4953,0.1553,34,2.1176,0.9687,0.6501,0.5,0.0,Targeted Receiver
54479,0.525,0.4298,123,2.6667,0.9427,0.5,0.6473,0.0,Defensive Coverage
54481,0.5189,0.238,72,2.2639,0.9622,0.6704,0.5,0.0,Targeted Receiver
54483,0.4856,0.1503,23,2.1739,0.9729,0.644,0.5,0.0,Targeted Receiver
54486,0.4856,0.4366,125,2.44,0.9569,0.5,0.5787,0.0,Defensive Coverage
54487,0.6962,0.3946,100,2.66,0.9698,0.5,0.7304,0.0,Defensive Coverage
54488,0.3968,0.4825,19,2.7895,0.9383,0.5,0.573,0.0,Defensive Coverage
54491,0.4718,0.2139,2,2.0,0.9716,0.5,0.5086,0.0,Defensive Coverage
54492,0.6075,0.4559,140,2.65,0.9517,0.5,0.6919,0.0,Defensive Coverage
54493,-0.0547,,1,2.0,0.7246,0.5,0.4853,0.0,Defensive Coverage
54495,0.7032,0.3362,11,2.3636,0.9718,0.5,0.7059,0.0,Defensive Coverage
54496,0.5883,0.4011,133,2.594,0.9474,0.5,0.6793,0.0,Defensive Coverage
54497,0.7462,,1,4.0,0.9874,0.5,0.8606,0.0,Defensive Coverage
54499,0.4914,0.2524,48,2.125,0.9406,0.6727,0.5,0.0,Targeted Receiver
54500,0.5626,0.5039,107,2.5794,0.9405,0.5,0.6696,0.0,Defensive Coverage
54501,0.532,0.2136,58,2.2759,0.9869,0.6552,0.5,0.0,Targeted Receiver
54502,0.6798,0.4372,102,2.6765,0.9631,0.5,0.7297,0.0,Defensive Coverage
54503,0.4352,0.6752,18,3.0,0.9346,0.5,0.6245,0.0,Defensive Coverage
54504,0.5415,0.5098,96,2.6771,0.9408,0.5,0.6628,0.0,Defensive Coverage
54505,0.71,0.4625,7,2.8571,0.9921,0.5,0.7259,0.0,Defensive Coverage
54506,0.5215,0.16,21,2.0952,0.9947,0.6383,0.5,0.0,Targeted Receiver
54507,0.4948,0.4654,21,2.381,0.9601,0.5,0.5755,0.0,Defensive Coverage
54508,0.542,0.2265,62,2.2903,0.9895,0.6578,0.5,0.0,Targeted Receiver
54509,0.4952,0.1408,26,2.2308,0.9908,0.6347,0.5,0.0,Targeted Receiver
54510,0.8298,0.1156,2,3.0,0.9946,0.5,0.8207,0.0,Defensive Coverage
54511,0.7527,0.3679,2,3.0,0.9646,0.5,0.8085,0.0,Defensive Coverage
54513,0.5318,0.522,120,2.6833,0.9358,0.5,0.6635,0.0,Defensive Coverage
54514,0.6229,0.4298,153,2.7059,0.9636,0.5,0.6908,0.0,Defensive Coverage
54515,0.6026,0.2153,18,2.2778,0.9647,0.7046,0.5,0.0,Targeted Receiver
54517,0.5291,0.2954,90,2.1889,0.9585,0.6756,0.5,0.0,Targeted Receiver
54518,0.4893,0.1634,61,2.1148,0.9649,0.6506,0.5,0.0,Targeted Receiver
54519,0.4908,0.1837,30,2.2,0.9696,0.65,0.5,0.0,Targeted Receiver
54520,0.4952,0.2566,86,2.407,0.9837,0.6464,0.5,0.0,Targeted Receiver
54521,0.8719,,1,2.0,0.9722,0.5,0.7935,0.0,Defensive Coverage
54523,0.5243,0.6237,19,2.7368,0.9476,0.5,0.6461,0.0,Defensive Coverage
54525,0.5633,0.4467,104,2.5,0.9475,0.5,0.6529,0.0,Defensive Coverage
54526,0.0816,,1,4.0,0.9991,0.5,0.369,0.0,Defensive Coverage
54527,0.424,0.4336,61,2.5082,0.9304,0.5,0.5787,0.0,Defensive Coverage
54528,0.532,0.1258,42,2.1429,0.9937,0.6452,0.5,0.0,Targeted Receiver
54529,0.7009,0.3215,8,3.0,0.9827,0.5,0.7455,0.0,Defensive Coverage
54531,0.5022,0.2959,3,4.0,0.9614,0.5,0.7233,0.0,Defensive Coverage
54533,0.5501,0.4088,105,2.5905,0.958,0.5,0.6366,0.0,Defensive Coverage
54535,0.5115,0.355,20,2.7,0.9802,0.5,0.5871,0.0,Defensive Coverage
54536,0.7706,0.4695,4,2.0,0.9359,0.7924,0.5,0.0,Targeted Receiver
54540,0.5859,0.4235,90,2.8,0.956,0.5,0.6838,0.0,Defensive Coverage
54541,0.7937,,1,4.0,0.9917,0.5,0.8883,0.0,Defensive Coverage
54543,0.5319,0.145,4,2.5,0.9797,0.5,0.5846,0.0,Defensive Coverage
54544,0.6784,0.333,8,2.5,0.9454,0.5,0.7381,0.0,Defensive Coverage
54545,0.4268,0.1309,3,2.0,0.9981,0.5917,0.5,0.0,Targeted Receiver
54546,0.5182,0.473,97,2.567,0.9573,0.5,0.6128,0.0,Defensive Coverage
54548,0.546,0.4843,38,2.7105,0.9429,0.5,0.666,0.0,Defensive Coverage
54550,0.5036,0.3947,4,2.5,0.9792,0.5,0.565,0.0,Defensive Coverage
54552,0.5969,0.2647,3,2.0,0.9939,0.5,0.566,0.0,Defensive Coverage
54553,0.5641,0.3119,31,2.129,0.9192,0.7223,0.5,0.0,Targeted Receiver
54554,0.6072,0.4431,117,2.7179,0.9454,0.5,0.7067,0.0,Defensive Coverage
54556,0.5067,0.1675,52,2.3846,0.9954,0.6406,0.5,0.0,Targeted Receiver
54561,0.5133,0.4681,31,2.9032,0.9352,0.5,0.6708,0.0,Defensive Coverage
54562,0.5722,0.4163,122,2.623,0.9453,0.5,0.6735,0.0,Defensive Coverage
54563,0.4618,0.1785,27,2.2222,0.9835,0.6263,0.5,0.0,Targeted Receiver
54564,0.6421,0.4067,19,2.0526,0.945,0.7312,0.5,0.0,Targeted Receiver
54566,0.454,0.1433,19,2.6316,0.9929,0.6281,0.5,0.0,Targeted Receiver
54568,0.5961,0.4107,29,2.7586,0.9563,0.5,0.687,0.0,Defensive Coverage
54571,0.5124,0.2044,63,2.5714,0.9919,0.652,0.5,0.0,Targeted Receiver
54572,0.4249,0.2184,9,3.1111,0.9595,0.6597,0.5,0.0,Targeted Receiver
54574,0.4995,0.5371,28,2.5357,0.9373,0.5,0.6252,0.0,Defensive Coverage
54577,0.5281,0.2859,27,2.4444,0.9888,0.6573,0.5,0.0,Targeted Receiver
54578,0.5544,0.4899,87,2.7586,0.9395,0.5,0.6811,0.0,Defensive Coverage
54579,0.6729,0.4177,35,2.3429,0.9601,0.5,0.6992,0.0,Defensive Coverage
54580,0.5368,0.4369,57,2.5965,0.9617,0.5,0.6224,0.0,Defensive Coverage
54583,0.4746,0.4869,117,2.6068,0.9537,0.5,0.5903,0.0,Defensive Coverage
54584,0.2405,0.5147,5,2.4,0.8619,0.5,0.5357,0.0,Defensive Coverage
54586,0.4949,0.4457,61,2.4918,0.9361,0.5,0.6196,0.0,Defensive Coverage
54587,0.5286,0.1856,14,2.0,0.9933,0.6394,0.5,0.0,Targeted Receiver
54588,0.529,0.2284,6,2.3333,0.9923,0.6511,0.5,0.0,Targeted Receiver
54590,0.321,,1,4.0,0.9995,0.6094,0.5,0.0,Targeted Receiver
54592,0.4811,0.0216,3,2.6667,0.9908,0.6427,0.5,0.0,Targeted Receiver
54593,0.4037,0.2041,9,2.4444,0.9932,0.6003,0.5,0.0,Targeted Receiver
54594,0.5405,0.1763,87,2.1839,0.9818,0.6603,0.5,0.0,Targeted Receiver
54597,0.5393,0.1908,85,2.1647,0.957,0.6804,0.5,0.0,Targeted Receiver
54600,0.3723,0.5034,44,2.75,0.9316,0.5,0.5615,0.0,Defensive Coverage
54603,0.5336,0.2548,21,2.0952,0.9349,0.6947,0.5,0.0,Targeted Receiver
54604,0.5102,0.2186,35,2.2571,0.9655,0.6637,0.5,0.0,Targeted Receiver
54607,0.5079,0.4356,90,2.5,0.9465,0.5,0.6148,0.0,Defensive Coverage
54608,0.5099,0.1715,61,2.1639,0.9914,0.6383,0.5,0.0,Targeted Receiver
54611,0.6734,0.4176,74,2.6622,0.9707,0.5,0.7129,0.0,Defensive Coverage
54613,0.5157,0.173,39,2.2564,0.9913,0.6439,0.5,0.0,Targeted Receiver
54614,0.5038,0.1915,14,2.1429,0.9944,0.6325,0.5,0.0,Targeted Receiver
54616,0.4999,0.2142,13,2.0,0.9964,0.6245,0.5,0.0,Targeted Receiver
54617,0.444,0.6336,20,2.3,0.8623,0.5,0.6716,0.0,Defensive Coverage
54618,0.4164,0.5614,120,2.625,0.9382,0.5,0.5724,0.0,Defensive Coverage
54621,0.5508,0.1594,44,2.1364,0.9773,0.6671,0.5,0.0,Targeted Receiver
54622,0.5068,0.4675,119,2.4706,0.9255,0.5,0.6414,0.0,Defensive Coverage
54628,0.4666,0.2375,15,2.1333,0.9691,0.6379,0.5,0.0,Targeted Receiver
54629,0.5428,0.2218,30,2.2,0.9881,0.6564,0.5,0.0,Targeted Receiver
54632,0.5131,0.4273,146,2.589,0.9629,0.5,0.6031,0.0,Defensive Coverage
54634,0.4763,0.1455,13,2.0,0.9951,0.6155,0.5,0.0,Targeted Receiver
54635,0.4579,0.0723,3,2.0,0.9954,0.6074,0.5,0.0,Targeted Receiver
54637,0.4842,0.4227,7,2.5714,0.9813,0.5,0.5546,0.0,Defensive Coverage
54639,-0.0139,,1,3.0,0.9717,0.5,0.2508,0.0,Defensive Coverage
54641,0.5767,0.4358,72,2.7361,0.9593,0.5,0.6668,0.0,Defensive Coverage
54642,0.4296,0.1764,2,3.0,0.995,0.6277,0.5,0.0,Targeted Receiver
54644,0.7067,0.2737,4,3.0,0.9543,0.5,0.7903,0.0,Defensive Coverage
54648,0.4789,0.01,2,2.0,0.9983,0.6138,0.5,0.0,Targeted Receiver
54650,0.4372,0.469,93,2.6452,0.937,0.5,0.5909,0.0,Defensive Coverage
54653,0.7359,0.3672,27,2.8148,0.9802,0.5048,0.7575,0.0,Defensive Coverage
54654,0.9305,0.0519,2,3.0,0.999,0.5,0.8862,0.0,Defensive Coverage
54656,0.379,0.2001,5,2.4,0.9624,0.6146,0.5,0.0,Targeted Receiver
54657,0.4158,0.1171,17,2.4706,0.9675,0.6283,0.5,0.0,Targeted Receiver
54662,0.5024,0.4546,17,2.8235,0.9428,0.5,0.6451,0.0,Defensive Coverage
54663,0.3886,0.191,4,2.0,0.9781,0.5924,0.5,0.0,Targeted Receiver
54666,0.6037,0.1781,3,2.0,0.9847,0.679,0.5,0.0,Targeted Receiver
54669,0.6444,0.2933,16,2.5625,0.9705,0.5,0.6836,0.0,Defensive Coverage
54673,0.5413,0.2346,29,2.2414,0.9757,0.6677,0.5,0.0,Targeted Receiver
54676,0.5269,0.5098,82,2.5244,0.9524,0.5,0.6221,0.0,Defensive Coverage
54677,0.4626,0.4798,132,2.5455,0.9491,0.5,0.5828,0.0,Defensive Coverage
54678,0.3114,,1,4.0,1.0,0.6049,0.5,0.0,Targeted Receiver
54679,0.5266,0.4601,88,2.4886,0.9547,0.5,0.6154,0.0,Defensive Coverage
54682,0.5875,0.802,3,2.0,0.8918,0.5,0.7051,0.0,Defensive Coverage
54683,0.4554,0.0419,4,2.0,0.9987,0.6034,0.5,0.0,Targeted Receiver
54686,0.4382,0.4138,3,2.0,0.9326,0.5,0.5402,0.0,Defensive Coverage
54687,0.5265,0.4852,78,2.5,0.9163,0.5,0.6712,0.0,Defensive Coverage
54690,0.5359,0.5508,8,2.0,0.9153,0.5,0.6348,0.0,Defensive Coverage
54692,0.812,,1,2.0,0.978,0.774,0.5,0.0,Targeted Receiver
54694,0.5085,0.2052,21,2.0,0.9412,0.6755,0.5,0.0,Targeted Receiver
54696,0.6114,0.2638,3,2.6667,0.961,0.5,0.6829,0.0,Defensive Coverage
54701,0.5515,0.4469,40,2.7,0.9555,0.5,0.651,0.0,Defensive Coverage
54704,0.4822,0.4739,78,2.641,0.9504,0.5,0.6035,0.0,Defensive Coverage
54705,0.8183,0.0357,2,2.0,0.9674,0.5,0.762,0.0,Defensive Coverage
54708,0.558,0.5153,64,2.5469,0.9475,0.5,0.6533,0.0,Defensive Coverage
54716,0.5166,0.2576,32,2.25,0.9925,0.643,0.5,0.0,Targeted Receiver
54718,0.557,0.4137,107,2.6542,0.9511,0.5,0.6572,0.0,Defensive Coverage
54719,0.5009,0.5052,52,2.7308,0.9309,0.5,0.6527,0.0,Defensive Coverage
54721,0.1548,0.0591,2,3.0,0.9958,0.5,0.3368,0.0,Defensive Coverage
54723,0.5424,0.3102,15,2.2667,0.9873,0.659,0.5,0.0,Targeted Receiver
54750,0.5387,0.6069,4,2.5,0.9839,0.5,0.5834,0.0,Defensive Coverage
54778,0.4546,0.4647,24,2.3333,0.9309,0.5,0.5842,0.0,Defensive Coverage
54781,0.6555,0.4615,43,2.5814,0.94,0.5,0.7369,0.0,Defensive Coverage
54798,0.4701,0.1242,6,2.0,0.9933,0.6143,0.5,0.0,Targeted Receiver
54807,0.6141,0.2596,3,3.3333,0.9631,0.5,0.7414,0.0,Defensive Coverage
54808,0.7291,0.427,119,2.7311,0.9553,0.5,0.7808,0.0,Defensive Coverage
54810,0.4775,0.1279,4,2.0,0.9924,0.6183,0.5,0.0,Targeted Receiver
54814,0.6753,0.3511,16,2.625,0.9826,0.5,0.6939,0.0,Defensive Coverage
54815,0.3712,0.562,40,2.375,0.9187,0.5,0.5458,0.0,Defensive Coverage
54819,0.7476,0.2156,2,3.0,0.9579,0.5,0.8144,0.0,Defensive Coverage
54833,0.4672,0.4714,78,2.7692,0.9574,0.5,0.5942,0.0,Defensive Coverage
54835,0.7467,,1,2.0,0.961,0.7606,0.5,0.0,Targeted Receiver
54857,0.2736,0.3761,3,2.6667,0.9327,0.5,0.4821,0.0,Defensive Coverage
54877,0.4998,0.418,21,2.6667,0.9595,0.5,0.6054,0.0,Defensive Coverage
54885,0.4625,0.4823,10,2.2,0.9141,0.6854,0.5,0.0,Targeted Receiver
54905,0.486,0.1095,42,2.1905,0.9924,0.6281,0.5,0.0,Targeted Receiver
54915,0.5402,0.43,27,2.5926,0.971,0.5,0.6111,0.0,Defensive Coverage
54936,0.5237,0.5066,122,2.6148,0.9568,0.5,0.6217,0.0,Defensive Coverage
54962,0.4784,0.4305,20,2.8,0.954,0.5,0.6098,0.0,Defensive Coverage
54967,0.5223,0.2108,26,2.3077,0.9813,0.6568,0.5,0.0,Targeted Receiver
54968,0.6163,0.3067,2,4.0,0.9866,0.5,0.7689,0.0,Defensive Coverage
54969,0.5514,0.4487,118,2.6271,0.9629,0.5,0.6339,0.0,Defensive Coverage
54980,0.4422,0.5357,26,2.2692,0.9037,0.5,0.6084,0.0,Defensive Coverage
54995,0.5033,0.055,3,2.0,0.9976,0.6249,0.5,0.0,Targeted Receiver
55005,0.3683,,1,2.0,0.6453,0.869,0.5,0.0,Targeted Receiver
55014,0.475,0.1411,7,2.0,0.96,0.645,0.5,0.0,Targeted Receiver
55032,0.8927,,1,4.0,0.9961,0.5,0.9527,0.0,Defensive Coverage
55036,0.5497,0.2705,2,2.0,0.9956,0.6465,0.5,0.0,Targeted Receiver
55043,0.8009,0.3438,6,2.0,0.9662,0.5,0.7513,0.0,Defensive Coverage
55047,0.8894,0.0747,2,3.0,0.997,0.5,0.8598,0.0,Defensive Coverage
55054,0.6158,0.3378,6,2.6667,0.9525,0.5,0.6982,0.0,Defensive Coverage
55055,0.7637,,1,4.0,0.9982,0.5,0.8576,0.0,Defensive Coverage
55061,0.4651,0.0984,19,2.0,0.9769,0.6262,0.5,0.0,Targeted Receiver
55075,0.5585,0.2647,17,2.3529,0.9609,0.6914,0.5,0.0,Targeted Receiver
55079,0.457,0.7691,5,2.6,0.8338,0.5,0.7484,0.0,Defensive Coverage
55081,0.7061,0.4717,12,3.0,0.9822,0.5,0.75,0.0,Defensive Coverage
55094,0.4754,,1,2.0,0.9998,0.611,0.5,0.0,Targeted Receiver
55100,0.8111,0.2787,11,2.7273,0.9771,0.5,0.8079,0.0,Defensive Coverage
55105,0.8191,0.2587,17,2.9412,0.9931,0.5,0.81,0.0,Defensive Coverage
55109,0.6043,0.3542,6,3.0,0.9966,0.5,0.6567,0.0,Defensive Coverage
55113,0.5573,0.106,4,2.0,0.9723,0.6697,0.5,0.0,Targeted Receiver
55115,0.6768,0.4678,10,2.2,0.9629,0.5,0.6852,0.0,Defensive Coverage
55124,0.6506,0.343,9,2.6667,0.9794,0.5,0.6846,0.0,Defensive Coverage
55127,0.5593,0.2796,12,2.1667,0.9874,0.663,0.5,0.0,Targeted Receiver
55132,0.4725,0.3884,7,2.5714,0.9283,0.5,0.622,0.0,Defensive Coverage
55133,0.5299,0.2433,57,2.3158,0.974,0.6667,0.5,0.0,Targeted Receiver
55137,0.4676,0.5027,74,2.3108,0.8956,0.5,0.6419,0.0,Defensive Coverage
55145,0.4207,0.1084,3,2.6667,0.9972,0.6113,0.5,0.0,Targeted Receiver
55148,0.6606,0.5846,2,3.0,0.9936,0.5,0.7012,0.0,Defensive Coverage
55149,0.6204,0.4733,76,2.5658,0.9624,0.5,0.6784,0.0,Defensive Coverage
55157,0.4328,0.1499,5,2.4,0.9975,0.6076,0.5,0.0,Targeted Receiver
55166,0.4706,0.4396,22,2.6364,0.9842,0.5,0.5465,0.0,Defensive Coverage
55175,0.6243,0.4275,83,2.9036,0.9695,0.5,0.7011,0.0,Defensive Coverage
55181,0.4615,0.5242,56,2.4464,0.9169,0.5,0.6191,0.0,Defensive Coverage
55184,0.6872,0.4033,58,2.7241,0.9619,0.5,0.7409,0.0,Defensive Coverage
55212,0.4488,0.5064,13,2.6154,0.9356,0.5,0.5985,0.0,Defensive Coverage
55217,1.0133,,1,2.0,0.973,0.5,0.8934,0.0,Defensive Coverage
55233,0.2816,,1,4.0,0.9992,0.5928,0.5,0.0,Targeted Receiver
55240,0.0403,,1,2.0,0.8061,0.5,0.4368,0.0,Defensive Coverage
55867,0.8003,,1,2.0,0.9743,0.5,0.7393,0.0,Defensive Coverage
55869,0.4641,0.5551,114,2.5439,0.9298,0.5,0.6113,0.0,Defensive Coverage
55871,0.5536,0.322,3,3.3333,0.9777,0.5,0.6773,0.0,Defensive Coverage
55872,0.4659,0.1564,61,2.1639,0.9935,0.6176,0.5,0.0,Targeted Receiver
55876,0.56,0.2477,52,2.1923,0.9801,0.6704,0.5,0.0,Targeted Receiver
55877,0.8183,0.401,3,2.0,0.9317,0.5,0.8131,0.0,Defensive Coverage
55879,-0.1121,,1,3.0,0.6255,0.5,0.6751,0.0,Defensive Coverage
55880,0.4513,0.5527,93,2.7634,0.9283,0.5,0.624,0.0,Defensive Coverage
55881,0.5795,0.4366,37,2.3243,0.9522,0.5,0.6421,0.0,Defensive Coverage
55882,0.6773,0.3881,78,2.7821,0.955,0.5,0.7488,0.0,Defensive Coverage
55884,0.5386,0.2229,64,2.1719,0.9613,0.6767,0.5,0.0,Targeted Receiver
55885,0.49,0.2405,54,2.3519,0.9319,0.6868,0.5,0.0,Targeted Receiver
55886,0.4872,0.3102,77,2.1818,0.9116,0.6975,0.5,0.0,Targeted Receiver
55887,0.536,0.2587,94,2.1383,0.9732,0.6643,0.5,0.0,Targeted Receiver
55888,0.5135,0.4737,138,2.6014,0.941,0.5,0.6356,0.0,Defensive Coverage
55889,0.5445,0.2318,79,2.3797,0.982,0.6682,0.5,0.0,Targeted Receiver
55892,0.7306,0.1643,7,3.4286,0.9893,0.5,0.7957,0.0,Defensive Coverage
55893,0.4811,0.5708,3,5.6667,0.9946,0.5,0.8098,0.0,Defensive Coverage
55894,0.8964,0.2568,7,2.5714,0.993,0.5,0.8323,0.0,Defensive Coverage
55895,0.4712,0.2098,4,2.0,0.9493,0.5,0.5399,0.0,Defensive Coverage
55897,0.4933,0.4182,110,2.5364,0.9541,0.5,0.5967,0.0,Defensive Coverage
55899,0.5432,0.1939,115,2.2087,0.9872,0.6576,0.5,0.0,Targeted Receiver
55900,0.5308,0.178,37,2.3243,0.986,0.6571,0.5,0.0,Targeted Receiver
55902,0.552,0.3275,5,2.4,0.9809,0.5,0.5883,0.0,Defensive Coverage
55904,0.5585,0.3,69,2.1304,0.9211,0.7183,0.5,0.0,Targeted Receiver
55906,0.648,0.4242,14,2.3571,0.9689,0.5,0.6701,0.0,Defensive Coverage
55907,0.4825,0.1391,37,2.2162,0.9841,0.6345,0.5,0.0,Targeted Receiver
55909,0.5388,0.3873,73,2.4932,0.9428,0.5,0.6415,0.0,Defensive Coverage
55910,0.4966,0.5985,134,2.8358,0.9514,0.5,0.6297,0.0,Defensive Coverage
55911,0.842,0.2308,2,3.0,0.9952,0.5,0.8285,0.0,Defensive Coverage
55912,0.5575,0.494,55,2.3273,0.9268,0.5,0.663,0.0,Defensive Coverage
55915,0.512,0.1961,70,2.1857,0.9714,0.657,0.5,0.0,Targeted Receiver
55916,0.3693,0.3587,4,2.0,0.9478,0.5,0.4693,0.0,Defensive Coverage
55917,0.439,0.1463,33,2.0909,0.9717,0.6224,0.5,0.0,Targeted Receiver
55918,1.127,,1,2.0,0.9968,0.5,0.9406,0.0,Defensive Coverage
55919,0.5255,0.3786,13,2.4615,0.9764,0.5,0.5813,0.0,Defensive Coverage
55920,0.5246,0.1848,74,2.1757,0.9817,0.6533,0.5,0.0,Targeted Receiver
55921,0.5795,0.4616,155,2.4387,0.9465,0.5,0.6605,0.0,Defensive Coverage
55923,0.5003,0.2098,14,2.5714,0.9912,0.6475,0.5,0.0,Targeted Receiver
55925,0.422,0.4961,114,2.6404,0.9227,0.5,0.5999,0.0,Defensive Coverage
55926,0.3454,0.2098,6,2.8333,0.9769,0.6017,0.5,0.0,Targeted Receiver
55928,0.5026,0.2351,21,2.0,0.9803,0.6394,0.5,0.0,Targeted Receiver
55931,0.6197,0.5232,46,2.4348,0.9342,0.5,0.7064,0.0,Defensive Coverage
55932,0.7666,0.3011,15,2.6667,0.9647,0.5,0.7884,0.0,Defensive Coverage
55934,0.5635,0.2164,70,2.0857,0.959,0.6866,0.5,0.0,Targeted Receiver
55936,0.5219,0.0809,8,2.0,0.9945,0.6356,0.5,0.0,Targeted Receiver
55937,0.4507,0.4998,43,2.7674,0.9577,0.5,0.5819,0.0,Defensive Coverage
55938,0.4842,0.1836,35,2.2857,0.9733,0.6467,0.5,0.0,Targeted Receiver
55939,0.4785,0.2428,37,2.2973,0.9594,0.6566,0.5,0.0,Targeted Receiver
55940,0.6132,,1,2.0,0.9841,0.5,0.5916,0.0,Defensive Coverage
55941,0.5051,0.4993,25,2.84,0.935,0.5,0.6596,0.0,Defensive Coverage
55942,0.5355,0.4397,22,2.6818,0.973,0.5,0.6129,0.0,Defensive Coverage
55943,0.489,0.1935,33,2.2424,0.9934,0.6302,0.5,0.0,Targeted Receiver
55944,0.5425,0.2207,81,2.2963,0.9813,0.6652,0.5,0.0,Targeted Receiver
55945,0.7198,0.3098,3,3.3333,0.9504,0.5,0.835,0.0,Defensive Coverage
55946,0.5175,0.1433,33,2.0606,0.9878,0.6413,0.5,0.0,Targeted Receiver
55947,0.8158,0.1692,9,2.6667,0.9832,0.5,0.7972,0.0,Defensive Coverage
55948,0.4756,0.2138,6,2.6667,0.9556,0.5,0.5935,0.0,Defensive Coverage
55949,0.547,0.3162,15,2.2667,0.9774,0.6695,0.5,0.0,Targeted Receiver
55950,0.7331,0.335,9,2.4444,0.9764,0.5,0.728,0.0,Defensive Coverage
55951,0.9035,,1,2.0,0.9997,0.5,0.7767,0.0,Defensive Coverage
55952,0.5557,0.4486,41,2.6098,0.956,0.5,0.6452,0.0,Defensive Coverage
55953,0.6975,0.403,3,2.0,0.9583,0.7418,0.5,0.0,Targeted Receiver
55956,0.5886,0.4169,30,2.7667,0.9578,0.5,0.6801,0.0,Defensive Coverage
55958,0.4452,0.1164,9,3.0,0.9503,0.6727,0.5,0.0,Targeted Receiver
55959,0.5241,0.2517,51,2.1176,0.9659,0.6648,0.5,0.0,Targeted Receiver
55960,0.605,0.4513,55,2.5818,0.9419,0.5,0.698,0.0,Defensive Coverage
55963,0.7675,,1,4.0,0.9975,0.5,0.8614,0.0,Defensive Coverage
55965,0.5119,0.217,30,2.0667,0.9214,0.6961,0.5,0.0,Targeted Receiver
55967,0.4371,0.4491,66,2.6212,0.912,0.5,0.6243,0.0,Defensive Coverage
55969,0.6412,0.4836,45,2.2667,0.9432,0.5,0.6939,0.0,Defensive Coverage
55970,0.7062,0.3513,11,2.3636,0.9776,0.5,0.6998,0.0,Defensive Coverage
55978,0.5516,0.4411,54,2.6296,0.9624,0.5,0.6349,0.0,Defensive Coverage
55980,0.4917,0.1559,26,2.3077,0.994,0.6329,0.5,0.0,Targeted Receiver
55984,0.445,0.4478,32,2.4062,0.9184,0.5,0.6017,0.0,Defensive Coverage
55989,0.4737,0.1649,4,2.5,0.9822,0.5,0.5394,0.0,Defensive Coverage
55990,0.7152,0.183,6,2.0,0.9761,0.7342,0.5,0.0,Targeted Receiver
55996,0.4885,0.1934,6,3.0,0.9984,0.65,0.5,0.0,Targeted Receiver
55997,0.7655,0.127,6,2.6667,0.9649,0.5,0.7874,0.0,Defensive Coverage
55998,0.4802,0.2072,27,2.6296,0.9857,0.6454,0.5,0.0,Targeted Receiver
55999,0.5878,0.4579,7,2.5714,0.9722,0.5,0.6416,0.0,Defensive Coverage
56001,0.6954,,1,2.0,0.9706,0.5,0.6696,0.0,Defensive Coverage
56002,0.4452,0.6015,3,3.3333,0.8665,0.5,0.7588,0.0,Defensive Coverage
56003,0.4237,0.359,10,2.4,0.9112,0.5,0.5961,0.0,Defensive Coverage
56007,0.566,0.4725,41,2.5854,0.9725,0.5,0.6268,0.0,Defensive Coverage
56008,0.5257,0.0892,8,2.25,0.9945,0.6451,0.5,0.0,Targeted Receiver
56010,0.5214,0.3811,5,2.8,0.9393,0.5,0.6616,0.0,Defensive Coverage
56011,0.5725,0.444,74,2.527,0.9541,0.5,0.6525,0.0,Defensive Coverage
56012,0.5225,0.2624,15,2.5333,0.9925,0.6546,0.5,0.0,Targeted Receiver
56013,0.7378,,1,2.0,0.9882,0.5,0.6748,0.0,Defensive Coverage
56018,0.499,0.5834,19,2.8947,0.9252,0.5,0.6742,0.0,Defensive Coverage
56020,0.5989,0.3966,8,2.75,0.9528,0.5,0.6931,0.0,Defensive Coverage
56022,0.6093,0.5783,8,2.25,0.9474,0.5,0.6637,0.0,Defensive Coverage
56024,0.5358,0.2393,48,2.125,0.9499,0.6837,0.5,0.0,Targeted Receiver
56025,0.3411,0.5146,25,2.92,0.9135,0.5,0.5803,0.0,Defensive Coverage
56026,0.5931,0.6685,2,3.0,0.9925,0.5,0.6546,0.0,Defensive Coverage
56027,0.5733,0.3045,21,2.1905,0.9909,0.6668,0.5,0.0,Targeted Receiver
56028,0.4966,0.0199,5,2.0,0.9972,0.6223,0.5,0.0,Targeted Receiver
56030,0.6422,0.4269,61,2.4098,0.9538,0.5,0.6922,0.0,Defensive Coverage
56032,0.6171,0.4421,71,2.507,0.9464,0.5,0.6935,0.0,Defensive Coverage
56033,0.5863,0.45,11,2.5455,0.967,0.5,0.6456,0.0,Defensive Coverage
56035,-0.008,0.4799,3,3.3333,0.9317,0.5,0.3418,0.0,Defensive Coverage
56036,0.6686,0.2655,7,2.2857,0.9931,0.7088,0.5,0.0,Targeted Receiver
56037,0.629,0.3616,6,2.0,0.9954,0.6807,0.5,0.0,Targeted Receiver
56040,0.5229,0.2232,9,2.6667,0.9896,0.6615,0.5,0.0,Targeted Receiver
56041,0.2526,,1,2.0,0.9992,0.5161,0.5,0.0,Targeted Receiver
56042,0.5609,0.235,130,2.2462,0.9732,0.6784,0.5,0.0,Targeted Receiver
56045,0.6589,0.4191,61,2.6885,0.957,0.5,0.7245,0.0,Defensive Coverage
56046,0.6662,0.4774,4,2.5,0.974,0.5,0.6886,0.0,Defensive Coverage
56047,0.6333,0.4682,5,2.4,0.9407,0.5,0.7038,0.0,Defensive Coverage
56050,0.5366,0.2398,17,2.1176,0.933,0.6983,0.5,0.0,Targeted Receiver
56052,0.5666,0.1726,6,3.0,0.9854,0.6946,0.5,0.0,Targeted Receiver
56056,0.5206,0.2604,56,2.2321,0.9742,0.6598,0.5,0.0,Targeted Receiver
56058,0.4972,,1,2.0,0.999,0.6211,0.5,0.0,Targeted Receiver
56060,0.492,0.3415,18,2.7778,0.9275,0.7052,0.5,0.0,Targeted Receiver
56062,0.5428,0.1482,16,2.25,0.9873,0.6587,0.5,0.0,Targeted Receiver
56063,0.8085,0.2121,2,2.0,0.9838,0.5,0.7316,0.0,Defensive Coverage
56068,0.5145,0.6618,10,2.7,0.9187,0.5,0.6771,0.0,Defensive Coverage
56070,0.5053,0.2059,16,2.125,0.9814,0.6436,0.5,0.0,Targeted Receiver
56071,0.5649,0.2496,23,2.087,0.9341,0.7085,0.5,0.0,Targeted Receiver
56074,0.4293,0.4813,43,2.4419,0.9336,0.5,0.5719,0.0,Defensive Coverage
56075,0.5154,0.2206,56,2.1786,0.9769,0.6536,0.5,0.0,Targeted Receiver
56077,0.4325,0.0729,5,2.4,0.9973,0.6077,0.5,0.0,Targeted Receiver
56079,0.2375,,1,2.0,0.9878,0.5,0.3181,0.0,Defensive Coverage
56081,0.7416,0.2823,17,3.0588,0.9733,0.5,0.7934,0.0,Defensive Coverage
56084,0.0722,0.4805,2,2.0,0.5871,0.7919,0.5,0.0,Targeted Receiver
56086,0.4812,0.4814,88,2.4205,0.9135,0.5,0.6358,0.0,Defensive Coverage
56089,0.5552,0.4411,43,2.6047,0.9323,0.5,0.6782,0.0,Defensive Coverage
56093,0.4753,0.1026,2,2.0,0.9915,0.6181,0.5,0.0,Targeted Receiver
56097,0.4714,0.4419,89,2.5506,0.9408,0.5,0.6014,0.0,Defensive Coverage
56098,0.7691,,1,4.0,0.9922,0.5,0.8701,0.0,Defensive Coverage
56099,0.6742,0.4534,5,2.0,0.9671,0.5,0.6596,0.0,Defensive Coverage
56107,0.4995,0.4366,43,2.3953,0.9081,0.5,0.6544,0.0,Defensive Coverage
56109,0.6497,0.3629,6,2.3333,0.9909,0.7041,0.5,0.0,Targeted Receiver
56111,1.0561,0.064,3,2.0,0.9979,0.5,0.8883,0.0,Defensive Coverage
56115,0.5444,0.6591,6,3.1667,0.9793,0.5,0.6535,0.0,Defensive Coverage
56117,0.6519,0.3991,28,2.5,0.949,0.5,0.7141,0.0,Defensive Coverage
56118,0.4661,0.0676,11,2.1818,0.9756,0.6336,0.5,0.0,Targeted Receiver
56141,0.2504,0.9523,4,2.75,0.7892,0.5,0.678,0.0,Defensive Coverage
56174,0.6408,,1,4.0,0.9968,0.5,0.7718,0.0,Defensive Coverage
56205,0.578,0.2237,6,2.0,0.966,0.684,0.5,0.0,Targeted Receiver
56220,0.6202,0.3251,22,2.0909,0.9225,0.7423,0.5,0.0,Targeted Receiver
56230,0.6274,0.6516,11,2.3636,0.9263,0.5,0.7169,0.0,Defensive Coverage
56237,1.0221,,1,2.0,0.993,0.5,0.8711,0.0,Defensive Coverage
56242,0.4787,0.461,64,2.6094,0.9445,0.5,0.6066,0.0,Defensive Coverage
56244,0.2551,0.7654,2,3.5,0.76,0.5,0.79,0.0,Defensive Coverage
56248,0.5881,0.2557,8,2.25,0.9785,0.6857,0.5,0.0,Targeted Receiver
56252,0.5038,0.1438,28,2.3929,0.979,0.6537,0.5,0.0,Targeted Receiver
56265,0.7126,0.3109,9,2.4444,0.9443,0.5,0.7591,0.0,Defensive Coverage
56275,0.5718,0.4501,14,2.4286,0.9665,0.5,0.6255,0.0,Defensive Coverage
56353,0.6489,0.4981,52,2.5192,0.9512,0.5,0.7105,0.0,Defensive Coverage
56357,0.4596,0.2693,4,3.0,0.9675,0.6641,0.5,0.0,Targeted Receiver
56364,0.703,0.3951,8,2.0,0.9854,0.5,0.654,0.0,Defensive Coverage
56368,1.1284,,1,2.0,0.953,0.931,0.5,0.0,Targeted Receiver
56374,0.6544,0.3525,3,2.0,0.9265,0.5,0.7034,0.0,Defensive Coverage
56395,0.5858,0.1725,25,2.16,0.9936,0.6688,0.5,0.0,Targeted Receiver
56401,-0.0691,,1,2.0,0.9878,0.5,0.099,0.0,Defensive Coverage
56405,0.6166,0.4721,32,2.7188,0.9406,0.5,0.7205,0.0,Defensive Coverage
56407,0.603,0.5727,5,2.4,0.965,0.5,0.6474,0.0,Defensive Coverage
56410,0.5148,0.0585,8,2.0,0.9918,0.6348,0.5,0.0,Targeted Receiver
56457,0.429,0.0914,3,2.6667,0.9995,0.6129,0.5,0.0,Targeted Receiver
56461,1.0276,0.1219,2,2.0,0.9788,0.5,0.8952,0.0,Defensive Coverage
56471,0.6179,0.2946,19,2.4211,0.9695,0.7116,0.5,0.0,Targeted Receiver
56501,-0.175,,1,4.0,0.9747,0.5,0.2206,0.0,Defensive Coverage
56502,0.4369,0.11,5,2.8,0.998,0.6218,0.5,0.0,Targeted Receiver
56513,0.5638,0.2736,18,2.3333,0.9818,0.6751,0.5,0.0,Targeted Receiver
56516,0.4291,0.088,4,2.0,0.9993,0.5916,0.5,0.0,Targeted Receiver
56527,0.7017,0.4775,59,2.7627,0.9455,0.5,0.7781,0.0,Defensive Coverage
56529,0.5507,0.1653,5,2.0,0.9925,0.6496,0.5,0.0,Targeted Receiver
56532,1.0976,,1,2.0,0.9955,0.5,0.9214,0.0,Defensive Coverage
56540,0.5288,0.4665,121,2.6694,0.9455,0.5,0.6463,0.0,Defensive Coverage
56541,0.5057,0.1181,5,2.0,0.9779,0.6428,0.5,0.0,Targeted Receiver
56543,0.5291,0.6754,14,3.7143,0.9501,0.5,0.7332,0.0,Defensive Coverage
56547,0.065,1.4585,2,2.0,0.6618,0.5,0.6606,0.0,Defensive Coverage
56573,0.6574,0.3661,16,2.875,0.9864,0.5,0.698,0.0,Defensive Coverage
56576,-0.0312,,1,4.0,1.0,0.5,0.2873,0.0,Defensive Coverage
56582,0.4868,0.0242,2,2.0,0.9986,0.617,0.5,0.0,Targeted Receiver
56586,0.3354,0.1452,2,2.0,0.8421,0.5,0.5961,0.0,Defensive Coverage
56598,0.7217,0.1496,10,2.6,0.9659,0.5,0.7487,0.0,Defensive Coverage
56613,0.4671,,1,2.0,0.9998,0.6075,0.5,0.0,Targeted Receiver
56663,0.3173,,1,4.0,1.0,0.6075,0.5,0.0,Targeted Receiver
56670,0.4519,0.3431,5,3.2,0.9563,0.5,0.6232,0.0,Defensive Coverage
56673,0.4916,0.4659,53,2.4151,0.9386,0.5,0.6069,0.0,Defensive Coverage
